Aug 19, 2026 9:27:31 PM com.google.cloud.datastore.emulator.firestore.websocket.WebSocketServer start
INFO: Started WebSocket server on ws://127.0.0.1:9150

API endpoint: http://127.0.0.1:8088
Database Edition: STANDARD
Database Mode: CLOUD_FIRESTORE

If you are using a library that supports the FIRESTORE_EMULATOR_HOST environment variable, run:

   export FIRESTORE_EMULATOR_HOST=127.0.0.1:8088

If you are running a Firestore in Datastore Mode project, run:

   export DATASTORE_EMULATOR_HOST=127.0.0.1:8088

Note: Support for Datastore Mode is in preview. If you encounter any bugs please file at https://github.com/firebase/firebase-tools/issues.
Dev App Server is now running.

Aug 19, 2026 9:27:32 PM io.gapi.emulators.netty.HttpVersionRoutingHandler channelRead
INFO: Detected non-HTTP/2 connection.
Aug 19, 2026 9:27:33 PM io.grpc.netty.TcpMetrics loadEpollInfo
INFO: Epoll available during static init of TcpMetrics:false
Aug 19, 2026 9:27:33 PM io.gapi.emulators.netty.HttpVersionRoutingHandler channelRead
INFO: Detected HTTP/2 connection.
Multiple projectIds are not recommended in single project mode. Requested project ID demo-pharmacy-project, but the emulator is configured for demo-no-project. To opt-out of single project mode add/set the '"singleProjectMode": false' property in the firebase.json emulators config.
Multiple projectIds are not recommended in single project mode. Requested project ID demo-pharmacy-project, but the emulator is configured for demo-no-project. To opt-out of single project mode add/set the '"singleProjectMode": false' property in the firebase.json emulators config.
Aug 19, 2026 9:27:34 PM io.gapi.emulators.netty.HttpVersionRoutingHandler channelRead
INFO: Detected non-HTTP/2 connection.
Multiple projectIds are not recommended in single project mode. Requested project ID demo-pharmacy-project, but the emulator is configured for demo-no-project. To opt-out of single project mode add/set the '"singleProjectMode": false' property in the firebase.json emulators config.
Multiple projectIds are not recommended in single project mode. Requested project ID demo-pharmacy-project, but the emulator is configured for demo-no-project. To opt-out of single project mode add/set the '"singleProjectMode": false' property in the firebase.json emulators config.
Aug 19, 2026 9:27:34 PM io.gapi.emulators.netty.HttpVersionRoutingHandler channelRead
INFO: Detected HTTP/2 connection.
Multiple projectIds are not recommended in single project mode. Requested project ID demo-pharmacy-project, but the emulator is configured for demo-no-project. To opt-out of single project mode add/set the '"singleProjectMode": false' property in the firebase.json emulators config.
Multiple projectIds are not recommended in single project mode. Requested project ID demo-pharmacy-project, but the emulator is configured for demo-no-project. To opt-out of single project mode add/set the '"singleProjectMode": false' property in the firebase.json emulators config.
Aug 19, 2026 9:27:35 PM io.gapi.emulators.netty.HttpVersionRoutingHandler channelRead
INFO: Detected HTTP/2 connection.
Multiple projectIds are not recommended in single project mode. Requested project ID demo-pharmacy-project, but the emulator is configured for demo-no-project. To opt-out of single project mode add/set the '"singleProjectMode": false' property in the firebase.json emulators config.
Multiple projectIds are not recommended in single project mode. Requested project ID demo-pharmacy-project, but the emulator is configured for demo-no-project. To opt-out of single project mode add/set the '"singleProjectMode": false' property in the firebase.json emulators config.
Multiple projectIds are not recommended in single project mode. Requested project ID demo-pharmacy-project, but the emulator is configured for demo-no-project. To opt-out of single project mode add/set the '"singleProjectMode": false' property in the firebase.json emulators config.
Multiple projectIds are not recommended in single project mode. Requested project ID demo-pharmacy-project, but the emulator is configured for demo-no-project. To opt-out of single project mode add/set the '"singleProjectMode": false' property in the firebase.json emulators config.
Multiple projectIds are not recommended in single project mode. Requested project ID demo-pharmacy-project, but the emulator is configured for demo-no-project. To opt-out of single project mode add/set the '"singleProjectMode": false' property in the firebase.json emulators config.
Multiple projectIds are not recommended in single project mode. Requested project ID demo-pharmacy-project, but the emulator is configured for demo-no-project. To opt-out of single project mode add/set the '"singleProjectMode": false' property in the firebase.json emulators config.
Multiple projectIds are not recommended in single project mode. Requested project ID demo-pharmacy-project, but the emulator is configured for demo-no-project. To opt-out of single project mode add/set the '"singleProjectMode": false' property in the firebase.json emulators config.
Multiple projectIds are not recommended in single project mode. Requested project ID demo-pharmacy-project, but the emulator is configured for demo-no-project. To opt-out of single project mode add/set the '"singleProjectMode": false' property in the firebase.json emulators config.
Aug 19, 2026 9:27:35 PM com.google.cloud.datastore.emulator.impl.util.WrappedStreamObserver onError
WARNING: Operation failed: 
Property email is undefined on object. for 'create' @ L307, Property email is undefined on object. for 'update' @ L308, Property email is undefined on object. for 'create' @ L307
com.google.cloud.datastore.core.exception.DatastoreException: 
Property email is undefined on object. for 'create' @ L307, Property email is undefined on object. for 'update' @ L308, Property email is undefined on object. for 'create' @ L307
	at com.google.cloud.datastore.core.exception.DatastoreException$Builder.build(DatastoreException.java:152)
	at com.google.cloud.datastore.emulator.impl.rules.DefaultEmulatorRulesAuthorizer.verboseError(DefaultEmulatorRulesAuthorizer.java:349)
	at com.google.cloud.datastore.emulator.impl.rules.DefaultEmulatorRulesAuthorizer.withVerboseErrors(DefaultEmulatorRulesAuthorizer.java:326)
	at com.google.cloud.datastore.emulator.impl.rules.DefaultEmulatorRulesAuthorizer.checkCommit(DefaultEmulatorRulesAuthorizer.java:114)
	at com.google.cloud.datastore.emulator.impl.firestore.FirestoreEmulatorHelper.commitHelper(FirestoreEmulatorHelper.java:386)
	at com.google.cloud.datastore.emulator.impl.firestore.FirestoreEmulatorHelper.internalCommit(FirestoreEmulatorHelper.java:336)
	at com.google.cloud.datastore.emulator.impl.firestore.CloudFirestoreV1.internalCommit(CloudFirestoreV1.java:1245)
	at com.google.cloud.datastore.emulator.impl.firestore.CloudFirestoreV1.write(CloudFirestoreV1.java:1232)
	at com.google.cloud.datastore.emulator.impl.firestore.CloudFirestoreV1WriteStream.handleRequest(CloudFirestoreV1WriteStream.java:222)
	at com.google.cloud.datastore.emulator.impl.firestore.CloudFirestoreV1WriteStream.write(CloudFirestoreV1WriteStream.java:144)
	at com.google.cloud.datastore.emulator.impl.firestore.CloudFirestoreV1WriteStream.onNext(CloudFirestoreV1WriteStream.java:99)
	at com.google.cloud.datastore.emulator.impl.firestore.CloudFirestoreV1WriteStream.onNext(CloudFirestoreV1WriteStream.java:27)
	at io.grpc.stub.ServerCalls$StreamingServerCallHandler$StreamingServerCallListener.onMessage(ServerCalls.java:262)
	at io.grpc.ForwardingServerCallListener.onMessage(ForwardingServerCallListener.java:33)
	at io.grpc.Contexts$ContextualizedServerCallListener.onMessage(Contexts.java:76)
	at io.grpc.ForwardingServerCallListener.onMessage(ForwardingServerCallListener.java:33)
	at io.grpc.Contexts$ContextualizedServerCallListener.onMessage(Contexts.java:76)
	at io.grpc.internal.ServerCallImpl$ServerStreamListenerImpl.messagesAvailableInternal(ServerCallImpl.java:334)
	at io.grpc.internal.ServerCallImpl$ServerStreamListenerImpl.messagesAvailable(ServerCallImpl.java:319)
	at io.grpc.internal.ServerImpl$JumpToApplicationThreadServerStreamListener$1MessagesAvailable.runInContext(ServerImpl.java:834)
	at io.grpc.internal.ContextRunnable.run(ContextRunnable.java:37)
	at io.grpc.internal.SerializingExecutor.run(SerializingExecutor.java:133)
	at java.base/java.util.concurrent.ThreadPoolExecutor.runWorker(ThreadPoolExecutor.java:1144)
	at java.base/java.util.concurrent.ThreadPoolExecutor$Worker.run(ThreadPoolExecutor.java:642)
	at java.base/java.lang.Thread.run(Thread.java:1583)
Caused by: com.google.firebase.rules.runtime.common.EvaluationException: Error:  line [33], column [11]. Property email is undefined on object.
	at com.google.firebase.rules.runtime.impl.DefaultEvaluator$TransformEvaluationException.apply(DefaultEvaluator.java:275)
	at com.google.firebase.rules.runtime.impl.DefaultEvaluator$TransformEvaluationException.apply(DefaultEvaluator.java:261)
	at com.google.common.util.concurrent.AbstractCatchingFuture$AsyncCatchingFuture.doFallback(AbstractCatchingFuture.java:207)
	at com.google.common.util.concurrent.AbstractCatchingFuture$AsyncCatchingFuture.doFallback(AbstractCatchingFuture.java:194)
	at com.google.common.util.concurrent.AbstractCatchingFuture.run(AbstractCatchingFuture.java:136)
	at com.google.common.util.concurrent.DirectExecutor.execute(DirectExecutor.java:30)
	at com.google.common.util.concurrent.AbstractFuture.executeListener(AbstractFuture.java:1024)
	at com.google.common.util.concurrent.AbstractFuture.addListener(AbstractFuture.java:486)
	at com.google.common.util.concurrent.FluentFuture$TrustedFuture.addListener(FluentFuture.java:122)
	at com.google.common.util.concurrent.AbstractCatchingFuture.createAsync(AbstractCatchingFuture.java:58)
	at com.google.common.util.concurrent.Futures.catchingAsync(Futures.java:409)
	at com.google.firebase.rules.runtime.impl.DefaultEvaluator.evaluate(DefaultEvaluator.java:177)
	at com.google.cloud.datastore.emulator.impl.rules.EmulatorRuleClient$EmulatorRuleEvaluator.evaluate(EmulatorRuleClient.java:88)
	at com.google.cloud.datastore.core.auth.rules.AsyncTwoPhaseRulesAuthorizer.lambda$fullEvaluate$0(AsyncTwoPhaseRulesAuthorizer.java:1001)
	at com.google.cloud.datastore.computation.Computation.tryCatch(Computation.java:469)
	at com.google.cloud.datastore.core.auth.rules.AsyncTwoPhaseRulesAuthorizer.fullEvaluate(AsyncTwoPhaseRulesAuthorizer.java:1000)
	at com.google.cloud.datastore.core.auth.rules.AsyncTwoPhaseRulesAuthorizer$CommitAuthorizerImpl.lambda$checkWrite$0(AsyncTwoPhaseRulesAuthorizer.java:1237)
	at com.google.cloud.datastore.computation.Computation.lambda$tryClose$1(Computation.java:738)
	at com.google.cloud.datastore.computation.Computation.tryCatch(Computation.java:469)
	at com.google.cloud.datastore.computation.Computation.tryFinally(Computation.java:705)
	at com.google.cloud.datastore.computation.Computation.tryFinally(Computation.java:711)
	at com.google.cloud.datastore.computation.Computation.tryClose(Computation.java:738)
	at com.google.cloud.datastore.core.auth.rules.AsyncTwoPhaseRulesAuthorizer$CommitAuthorizerImpl.checkWrite(AsyncTwoPhaseRulesAuthorizer.java:1206)
	at com.google.cloud.datastore.emulator.impl.rules.DefaultEmulatorRulesAuthorizer.lambda$checkCommit$2(DefaultEmulatorRulesAuthorizer.java:125)
	at com.google.cloud.datastore.computation.Computation.run(Computation.java:81)
	at com.google.cloud.datastore.computation.Computation$Terminated.toFuture(Computation.java:947)
	at com.google.cloud.datastore.computation.Computation.toFuture(Computation.java:92)
	at com.google.cloud.datastore.emulator.impl.rules.DefaultEmulatorRulesAuthorizer.finish(DefaultEmulatorRulesAuthorizer.java:308)
	at com.google.cloud.datastore.emulator.impl.rules.DefaultEmulatorRulesAuthorizer.lambda$checkCommit$0(DefaultEmulatorRulesAuthorizer.java:123)
	at com.google.cloud.datastore.emulator.impl.rules.DefaultEmulatorRulesAuthorizer.withVerboseErrors(DefaultEmulatorRulesAuthorizer.java:321)
	... 22 more

Multiple projectIds are not recommended in single project mode. Requested project ID demo-pharmacy-project, but the emulator is configured for demo-no-project. To opt-out of single project mode add/set the '"singleProjectMode": false' property in the firebase.json emulators config.
Multiple projectIds are not recommended in single project mode. Requested project ID demo-pharmacy-project, but the emulator is configured for demo-no-project. To opt-out of single project mode add/set the '"singleProjectMode": false' property in the firebase.json emulators config.
Multiple projectIds are not recommended in single project mode. Requested project ID demo-pharmacy-project, but the emulator is configured for demo-no-project. To opt-out of single project mode add/set the '"singleProjectMode": false' property in the firebase.json emulators config.
Multiple projectIds are not recommended in single project mode. Requested project ID demo-pharmacy-project, but the emulator is configured for demo-no-project. To opt-out of single project mode add/set the '"singleProjectMode": false' property in the firebase.json emulators config.
Multiple projectIds are not recommended in single project mode. Requested project ID demo-pharmacy-project, but the emulator is configured for demo-no-project. To opt-out of single project mode add/set the '"singleProjectMode": false' property in the firebase.json emulators config.
Multiple projectIds are not recommended in single project mode. Requested project ID demo-pharmacy-project, but the emulator is configured for demo-no-project. To opt-out of single project mode add/set the '"singleProjectMode": false' property in the firebase.json emulators config.
Multiple projectIds are not recommended in single project mode. Requested project ID demo-pharmacy-project, but the emulator is configured for demo-no-project. To opt-out of single project mode add/set the '"singleProjectMode": false' property in the firebase.json emulators config.
Multiple projectIds are not recommended in single project mode. Requested project ID demo-pharmacy-project, but the emulator is configured for demo-no-project. To opt-out of single project mode add/set the '"singleProjectMode": false' property in the firebase.json emulators config.
Multiple projectIds are not recommended in single project mode. Requested project ID demo-pharmacy-project, but the emulator is configured for demo-no-project. To opt-out of single project mode add/set the '"singleProjectMode": false' property in the firebase.json emulators config.
Multiple projectIds are not recommended in single project mode. Requested project ID demo-pharmacy-project, but the emulator is configured for demo-no-project. To opt-out of single project mode add/set the '"singleProjectMode": false' property in the firebase.json emulators config.
Multiple projectIds are not recommended in single project mode. Requested project ID demo-pharmacy-project, but the emulator is configured for demo-no-project. To opt-out of single project mode add/set the '"singleProjectMode": false' property in the firebase.json emulators config.
Multiple projectIds are not recommended in single project mode. Requested project ID demo-pharmacy-project, but the emulator is configured for demo-no-project. To opt-out of single project mode add/set the '"singleProjectMode": false' property in the firebase.json emulators config.
Aug 19, 2026 9:27:36 PM com.google.cloud.datastore.emulator.impl.util.WrappedStreamObserver onError
WARNING: Operation failed: 
Property email is undefined on object. for 'update' @ L329, Property email is undefined on object. for 'update' @ L329
com.google.cloud.datastore.core.exception.DatastoreException: 
Property email is undefined on object. for 'update' @ L329, Property email is undefined on object. for 'update' @ L329
	at com.google.cloud.datastore.core.exception.DatastoreException$Builder.build(DatastoreException.java:152)
	at com.google.cloud.datastore.emulator.impl.rules.DefaultEmulatorRulesAuthorizer.verboseError(DefaultEmulatorRulesAuthorizer.java:349)
	at com.google.cloud.datastore.emulator.impl.rules.DefaultEmulatorRulesAuthorizer.withVerboseErrors(DefaultEmulatorRulesAuthorizer.java:326)
	at com.google.cloud.datastore.emulator.impl.rules.DefaultEmulatorRulesAuthorizer.checkCommit(DefaultEmulatorRulesAuthorizer.java:114)
	at com.google.cloud.datastore.emulator.impl.firestore.FirestoreEmulatorHelper.commitHelper(FirestoreEmulatorHelper.java:386)
	at com.google.cloud.datastore.emulator.impl.firestore.FirestoreEmulatorHelper.internalCommit(FirestoreEmulatorHelper.java:336)
	at com.google.cloud.datastore.emulator.impl.firestore.CloudFirestoreV1.internalCommit(CloudFirestoreV1.java:1245)
	at com.google.cloud.datastore.emulator.impl.firestore.CloudFirestoreV1.write(CloudFirestoreV1.java:1232)
	at com.google.cloud.datastore.emulator.impl.firestore.CloudFirestoreV1WriteStream.handleRequest(CloudFirestoreV1WriteStream.java:222)
	at com.google.cloud.datastore.emulator.impl.firestore.CloudFirestoreV1WriteStream.write(CloudFirestoreV1WriteStream.java:144)
	at com.google.cloud.datastore.emulator.impl.firestore.CloudFirestoreV1WriteStream.onNext(CloudFirestoreV1WriteStream.java:99)
	at com.google.cloud.datastore.emulator.impl.firestore.CloudFirestoreV1WriteStream.onNext(CloudFirestoreV1WriteStream.java:27)
	at io.grpc.stub.ServerCalls$StreamingServerCallHandler$StreamingServerCallListener.onMessage(ServerCalls.java:262)
	at io.grpc.ForwardingServerCallListener.onMessage(ForwardingServerCallListener.java:33)
	at io.grpc.Contexts$ContextualizedServerCallListener.onMessage(Contexts.java:76)
	at io.grpc.ForwardingServerCallListener.onMessage(ForwardingServerCallListener.java:33)
	at io.grpc.Contexts$ContextualizedServerCallListener.onMessage(Contexts.java:76)
	at io.grpc.internal.ServerCallImpl$ServerStreamListenerImpl.messagesAvailableInternal(ServerCallImpl.java:334)
	at io.grpc.internal.ServerCallImpl$ServerStreamListenerImpl.messagesAvailable(ServerCallImpl.java:319)
	at io.grpc.internal.ServerImpl$JumpToApplicationThreadServerStreamListener$1MessagesAvailable.runInContext(ServerImpl.java:834)
	at io.grpc.internal.ContextRunnable.run(ContextRunnable.java:37)
	at io.grpc.internal.SerializingExecutor.run(SerializingExecutor.java:133)
	at java.base/java.util.concurrent.ThreadPoolExecutor.runWorker(ThreadPoolExecutor.java:1144)
	at java.base/java.util.concurrent.ThreadPoolExecutor$Worker.run(ThreadPoolExecutor.java:642)
	at java.base/java.lang.Thread.run(Thread.java:1583)
Caused by: com.google.firebase.rules.runtime.common.EvaluationException: Error:  line [33], column [11]. Property email is undefined on object.
	at com.google.firebase.rules.runtime.impl.DefaultEvaluator$TransformEvaluationException.apply(DefaultEvaluator.java:275)
	at com.google.firebase.rules.runtime.impl.DefaultEvaluator$TransformEvaluationException.apply(DefaultEvaluator.java:261)
	at com.google.common.util.concurrent.AbstractCatchingFuture$AsyncCatchingFuture.doFallback(AbstractCatchingFuture.java:207)
	at com.google.common.util.concurrent.AbstractCatchingFuture$AsyncCatchingFuture.doFallback(AbstractCatchingFuture.java:194)
	at com.google.common.util.concurrent.AbstractCatchingFuture.run(AbstractCatchingFuture.java:136)
	at com.google.common.util.concurrent.DirectExecutor.execute(DirectExecutor.java:30)
	at com.google.common.util.concurrent.AbstractFuture.executeListener(AbstractFuture.java:1024)
	at com.google.common.util.concurrent.AbstractFuture.addListener(AbstractFuture.java:486)
	at com.google.common.util.concurrent.FluentFuture$TrustedFuture.addListener(FluentFuture.java:122)
	at com.google.common.util.concurrent.AbstractCatchingFuture.createAsync(AbstractCatchingFuture.java:58)
	at com.google.common.util.concurrent.Futures.catchingAsync(Futures.java:409)
	at com.google.firebase.rules.runtime.impl.DefaultEvaluator.evaluate(DefaultEvaluator.java:177)
	at com.google.cloud.datastore.emulator.impl.rules.EmulatorRuleClient$EmulatorRuleEvaluator.evaluate(EmulatorRuleClient.java:88)
	at com.google.cloud.datastore.core.auth.rules.AsyncTwoPhaseRulesAuthorizer.lambda$fullEvaluate$0(AsyncTwoPhaseRulesAuthorizer.java:1001)
	at com.google.cloud.datastore.computation.Computation.tryCatch(Computation.java:469)
	at com.google.cloud.datastore.core.auth.rules.AsyncTwoPhaseRulesAuthorizer.fullEvaluate(AsyncTwoPhaseRulesAuthorizer.java:1000)
	at com.google.cloud.datastore.core.auth.rules.AsyncTwoPhaseRulesAuthorizer$CommitAuthorizerImpl.lambda$checkWrite$0(AsyncTwoPhaseRulesAuthorizer.java:1237)
	at com.google.cloud.datastore.computation.Computation.lambda$tryClose$1(Computation.java:738)
	at com.google.cloud.datastore.computation.Computation.tryCatch(Computation.java:469)
	at com.google.cloud.datastore.computation.Computation.tryFinally(Computation.java:705)
	at com.google.cloud.datastore.computation.Computation.tryFinally(Computation.java:711)
	at com.google.cloud.datastore.computation.Computation.tryClose(Computation.java:738)
	at com.google.cloud.datastore.core.auth.rules.AsyncTwoPhaseRulesAuthorizer$CommitAuthorizerImpl.checkWrite(AsyncTwoPhaseRulesAuthorizer.java:1206)
	at com.google.cloud.datastore.emulator.impl.rules.DefaultEmulatorRulesAuthorizer.lambda$checkCommit$2(DefaultEmulatorRulesAuthorizer.java:125)
	at com.google.cloud.datastore.computation.Computation.run(Computation.java:81)
	at com.google.cloud.datastore.computation.Computation$Terminated.toFuture(Computation.java:947)
	at com.google.cloud.datastore.computation.Computation.toFuture(Computation.java:92)
	at com.google.cloud.datastore.emulator.impl.rules.DefaultEmulatorRulesAuthorizer.finish(DefaultEmulatorRulesAuthorizer.java:308)
	at com.google.cloud.datastore.emulator.impl.rules.DefaultEmulatorRulesAuthorizer.lambda$checkCommit$0(DefaultEmulatorRulesAuthorizer.java:123)
	at com.google.cloud.datastore.emulator.impl.rules.DefaultEmulatorRulesAuthorizer.withVerboseErrors(DefaultEmulatorRulesAuthorizer.java:321)
	... 22 more

Multiple projectIds are not recommended in single project mode. Requested project ID demo-pharmacy-project, but the emulator is configured for demo-no-project. To opt-out of single project mode add/set the '"singleProjectMode": false' property in the firebase.json emulators config.
Multiple projectIds are not recommended in single project mode. Requested project ID demo-pharmacy-project, but the emulator is configured for demo-no-project. To opt-out of single project mode add/set the '"singleProjectMode": false' property in the firebase.json emulators config.
Multiple projectIds are not recommended in single project mode. Requested project ID demo-pharmacy-project, but the emulator is configured for demo-no-project. To opt-out of single project mode add/set the '"singleProjectMode": false' property in the firebase.json emulators config.
Multiple projectIds are not recommended in single project mode. Requested project ID demo-pharmacy-project, but the emulator is configured for demo-no-project. To opt-out of single project mode add/set the '"singleProjectMode": false' property in the firebase.json emulators config.
Multiple projectIds are not recommended in single project mode. Requested project ID demo-pharmacy-project, but the emulator is configured for demo-no-project. To opt-out of single project mode add/set the '"singleProjectMode": false' property in the firebase.json emulators config.
Multiple projectIds are not recommended in single project mode. Requested project ID demo-pharmacy-project, but the emulator is configured for demo-no-project. To opt-out of single project mode add/set the '"singleProjectMode": false' property in the firebase.json emulators config.
Multiple projectIds are not recommended in single project mode. Requested project ID demo-pharmacy-project, but the emulator is configured for demo-no-project. To opt-out of single project mode add/set the '"singleProjectMode": false' property in the firebase.json emulators config.
Multiple projectIds are not recommended in single project mode. Requested project ID demo-pharmacy-project, but the emulator is configured for demo-no-project. To opt-out of single project mode add/set the '"singleProjectMode": false' property in the firebase.json emulators config.
Aug 19, 2026 9:27:36 PM com.google.cloud.datastore.emulator.impl.util.WrappedStreamObserver onError
WARNING: Operation failed: 
Property email is undefined on object. for 'update' @ L343, Property email is undefined on object. for 'update' @ L343
com.google.cloud.datastore.core.exception.DatastoreException: 
Property email is undefined on object. for 'update' @ L343, Property email is undefined on object. for 'update' @ L343
	at com.google.cloud.datastore.core.exception.DatastoreException$Builder.build(DatastoreException.java:152)
	at com.google.cloud.datastore.emulator.impl.rules.DefaultEmulatorRulesAuthorizer.verboseError(DefaultEmulatorRulesAuthorizer.java:349)
	at com.google.cloud.datastore.emulator.impl.rules.DefaultEmulatorRulesAuthorizer.withVerboseErrors(DefaultEmulatorRulesAuthorizer.java:326)
	at com.google.cloud.datastore.emulator.impl.rules.DefaultEmulatorRulesAuthorizer.checkCommit(DefaultEmulatorRulesAuthorizer.java:114)
	at com.google.cloud.datastore.emulator.impl.firestore.FirestoreEmulatorHelper.commitHelper(FirestoreEmulatorHelper.java:386)
	at com.google.cloud.datastore.emulator.impl.firestore.FirestoreEmulatorHelper.internalCommit(FirestoreEmulatorHelper.java:336)
	at com.google.cloud.datastore.emulator.impl.firestore.CloudFirestoreV1.internalCommit(CloudFirestoreV1.java:1245)
	at com.google.cloud.datastore.emulator.impl.firestore.CloudFirestoreV1.write(CloudFirestoreV1.java:1232)
	at com.google.cloud.datastore.emulator.impl.firestore.CloudFirestoreV1WriteStream.handleRequest(CloudFirestoreV1WriteStream.java:222)
	at com.google.cloud.datastore.emulator.impl.firestore.CloudFirestoreV1WriteStream.write(CloudFirestoreV1WriteStream.java:144)
	at com.google.cloud.datastore.emulator.impl.firestore.CloudFirestoreV1WriteStream.onNext(CloudFirestoreV1WriteStream.java:99)
	at com.google.cloud.datastore.emulator.impl.firestore.CloudFirestoreV1WriteStream.onNext(CloudFirestoreV1WriteStream.java:27)
	at io.grpc.stub.ServerCalls$StreamingServerCallHandler$StreamingServerCallListener.onMessage(ServerCalls.java:262)
	at io.grpc.ForwardingServerCallListener.onMessage(ForwardingServerCallListener.java:33)
	at io.grpc.Contexts$ContextualizedServerCallListener.onMessage(Contexts.java:76)
	at io.grpc.ForwardingServerCallListener.onMessage(ForwardingServerCallListener.java:33)
	at io.grpc.Contexts$ContextualizedServerCallListener.onMessage(Contexts.java:76)
	at io.grpc.internal.ServerCallImpl$ServerStreamListenerImpl.messagesAvailableInternal(ServerCallImpl.java:334)
	at io.grpc.internal.ServerCallImpl$ServerStreamListenerImpl.messagesAvailable(ServerCallImpl.java:319)
	at io.grpc.internal.ServerImpl$JumpToApplicationThreadServerStreamListener$1MessagesAvailable.runInContext(ServerImpl.java:834)
	at io.grpc.internal.ContextRunnable.run(ContextRunnable.java:37)
	at io.grpc.internal.SerializingExecutor.run(SerializingExecutor.java:133)
	at java.base/java.util.concurrent.ThreadPoolExecutor.runWorker(ThreadPoolExecutor.java:1144)
	at java.base/java.util.concurrent.ThreadPoolExecutor$Worker.run(ThreadPoolExecutor.java:642)
	at java.base/java.lang.Thread.run(Thread.java:1583)
Caused by: com.google.firebase.rules.runtime.common.EvaluationException: Error:  line [33], column [11]. Property email is undefined on object.
	at com.google.firebase.rules.runtime.impl.DefaultEvaluator$TransformEvaluationException.apply(DefaultEvaluator.java:275)
	at com.google.firebase.rules.runtime.impl.DefaultEvaluator$TransformEvaluationException.apply(DefaultEvaluator.java:261)
	at com.google.common.util.concurrent.AbstractCatchingFuture$AsyncCatchingFuture.doFallback(AbstractCatchingFuture.java:207)
	at com.google.common.util.concurrent.AbstractCatchingFuture$AsyncCatchingFuture.doFallback(AbstractCatchingFuture.java:194)
	at com.google.common.util.concurrent.AbstractCatchingFuture.run(AbstractCatchingFuture.java:136)
	at com.google.common.util.concurrent.DirectExecutor.execute(DirectExecutor.java:30)
	at com.google.common.util.concurrent.AbstractFuture.executeListener(AbstractFuture.java:1024)
	at com.google.common.util.concurrent.AbstractFuture.addListener(AbstractFuture.java:486)
	at com.google.common.util.concurrent.FluentFuture$TrustedFuture.addListener(FluentFuture.java:122)
	at com.google.common.util.concurrent.AbstractCatchingFuture.createAsync(AbstractCatchingFuture.java:58)
	at com.google.common.util.concurrent.Futures.catchingAsync(Futures.java:409)
	at com.google.firebase.rules.runtime.impl.DefaultEvaluator.evaluate(DefaultEvaluator.java:177)
	at com.google.cloud.datastore.emulator.impl.rules.EmulatorRuleClient$EmulatorRuleEvaluator.evaluate(EmulatorRuleClient.java:88)
	at com.google.cloud.datastore.core.auth.rules.AsyncTwoPhaseRulesAuthorizer.lambda$fullEvaluate$0(AsyncTwoPhaseRulesAuthorizer.java:1001)
	at com.google.cloud.datastore.computation.Computation.tryCatch(Computation.java:469)
	at com.google.cloud.datastore.core.auth.rules.AsyncTwoPhaseRulesAuthorizer.fullEvaluate(AsyncTwoPhaseRulesAuthorizer.java:1000)
	at com.google.cloud.datastore.core.auth.rules.AsyncTwoPhaseRulesAuthorizer$CommitAuthorizerImpl.lambda$checkWrite$0(AsyncTwoPhaseRulesAuthorizer.java:1237)
	at com.google.cloud.datastore.computation.Computation.lambda$tryClose$1(Computation.java:738)
	at com.google.cloud.datastore.computation.Computation.tryCatch(Computation.java:469)
	at com.google.cloud.datastore.computation.Computation.tryFinally(Computation.java:705)
	at com.google.cloud.datastore.computation.Computation.tryFinally(Computation.java:711)
	at com.google.cloud.datastore.computation.Computation.tryClose(Computation.java:738)
	at com.google.cloud.datastore.core.auth.rules.AsyncTwoPhaseRulesAuthorizer$CommitAuthorizerImpl.checkWrite(AsyncTwoPhaseRulesAuthorizer.java:1206)
	at com.google.cloud.datastore.emulator.impl.rules.DefaultEmulatorRulesAuthorizer.lambda$checkCommit$2(DefaultEmulatorRulesAuthorizer.java:125)
	at com.google.cloud.datastore.computation.Computation.run(Computation.java:81)
	at com.google.cloud.datastore.computation.Computation$Terminated.toFuture(Computation.java:947)
	at com.google.cloud.datastore.computation.Computation.toFuture(Computation.java:92)
	at com.google.cloud.datastore.emulator.impl.rules.DefaultEmulatorRulesAuthorizer.finish(DefaultEmulatorRulesAuthorizer.java:308)
	at com.google.cloud.datastore.emulator.impl.rules.DefaultEmulatorRulesAuthorizer.lambda$checkCommit$0(DefaultEmulatorRulesAuthorizer.java:123)
	at com.google.cloud.datastore.emulator.impl.rules.DefaultEmulatorRulesAuthorizer.withVerboseErrors(DefaultEmulatorRulesAuthorizer.java:321)
	... 22 more

Multiple projectIds are not recommended in single project mode. Requested project ID demo-pharmacy-project, but the emulator is configured for demo-no-project. To opt-out of single project mode add/set the '"singleProjectMode": false' property in the firebase.json emulators config.
Multiple projectIds are not recommended in single project mode. Requested project ID demo-pharmacy-project, but the emulator is configured for demo-no-project. To opt-out of single project mode add/set the '"singleProjectMode": false' property in the firebase.json emulators config.
Multiple projectIds are not recommended in single project mode. Requested project ID demo-pharmacy-project, but the emulator is configured for demo-no-project. To opt-out of single project mode add/set the '"singleProjectMode": false' property in the firebase.json emulators config.
Multiple projectIds are not recommended in single project mode. Requested project ID demo-pharmacy-project, but the emulator is configured for demo-no-project. To opt-out of single project mode add/set the '"singleProjectMode": false' property in the firebase.json emulators config.
Multiple projectIds are not recommended in single project mode. Requested project ID demo-pharmacy-project, but the emulator is configured for demo-no-project. To opt-out of single project mode add/set the '"singleProjectMode": false' property in the firebase.json emulators config.
Multiple projectIds are not recommended in single project mode. Requested project ID demo-pharmacy-project, but the emulator is configured for demo-no-project. To opt-out of single project mode add/set the '"singleProjectMode": false' property in the firebase.json emulators config.
Aug 19, 2026 9:27:36 PM com.google.cloud.datastore.emulator.impl.util.WrappedStreamObserver onError
WARNING: Operation failed: 
Property email is undefined on object. for 'update' @ L95, Property email is undefined on object. for 'update' @ L95
com.google.cloud.datastore.core.exception.DatastoreException: 
Property email is undefined on object. for 'update' @ L95, Property email is undefined on object. for 'update' @ L95
	at com.google.cloud.datastore.core.exception.DatastoreException$Builder.build(DatastoreException.java:152)
	at com.google.cloud.datastore.emulator.impl.rules.DefaultEmulatorRulesAuthorizer.verboseError(DefaultEmulatorRulesAuthorizer.java:349)
	at com.google.cloud.datastore.emulator.impl.rules.DefaultEmulatorRulesAuthorizer.withVerboseErrors(DefaultEmulatorRulesAuthorizer.java:326)
	at com.google.cloud.datastore.emulator.impl.rules.DefaultEmulatorRulesAuthorizer.checkCommit(DefaultEmulatorRulesAuthorizer.java:114)
	at com.google.cloud.datastore.emulator.impl.firestore.FirestoreEmulatorHelper.commitHelper(FirestoreEmulatorHelper.java:386)
	at com.google.cloud.datastore.emulator.impl.firestore.FirestoreEmulatorHelper.internalCommit(FirestoreEmulatorHelper.java:336)
	at com.google.cloud.datastore.emulator.impl.firestore.CloudFirestoreV1.internalCommit(CloudFirestoreV1.java:1245)
	at com.google.cloud.datastore.emulator.impl.firestore.CloudFirestoreV1.write(CloudFirestoreV1.java:1232)
	at com.google.cloud.datastore.emulator.impl.firestore.CloudFirestoreV1WriteStream.handleRequest(CloudFirestoreV1WriteStream.java:222)
	at com.google.cloud.datastore.emulator.impl.firestore.CloudFirestoreV1WriteStream.write(CloudFirestoreV1WriteStream.java:144)
	at com.google.cloud.datastore.emulator.impl.firestore.CloudFirestoreV1WriteStream.onNext(CloudFirestoreV1WriteStream.java:99)
	at com.google.cloud.datastore.emulator.impl.firestore.CloudFirestoreV1WriteStream.onNext(CloudFirestoreV1WriteStream.java:27)
	at io.grpc.stub.ServerCalls$StreamingServerCallHandler$StreamingServerCallListener.onMessage(ServerCalls.java:262)
	at io.grpc.ForwardingServerCallListener.onMessage(ForwardingServerCallListener.java:33)
	at io.grpc.Contexts$ContextualizedServerCallListener.onMessage(Contexts.java:76)
	at io.grpc.ForwardingServerCallListener.onMessage(ForwardingServerCallListener.java:33)
	at io.grpc.Contexts$ContextualizedServerCallListener.onMessage(Contexts.java:76)
	at io.grpc.internal.ServerCallImpl$ServerStreamListenerImpl.messagesAvailableInternal(ServerCallImpl.java:334)
	at io.grpc.internal.ServerCallImpl$ServerStreamListenerImpl.messagesAvailable(ServerCallImpl.java:319)
	at io.grpc.internal.ServerImpl$JumpToApplicationThreadServerStreamListener$1MessagesAvailable.runInContext(ServerImpl.java:834)
	at io.grpc.internal.ContextRunnable.run(ContextRunnable.java:37)
	at io.grpc.internal.SerializingExecutor.run(SerializingExecutor.java:133)
	at java.base/java.util.concurrent.ThreadPoolExecutor.runWorker(ThreadPoolExecutor.java:1144)
	at java.base/java.util.concurrent.ThreadPoolExecutor$Worker.run(ThreadPoolExecutor.java:642)
	at java.base/java.lang.Thread.run(Thread.java:1583)
Caused by: com.google.firebase.rules.runtime.common.EvaluationException: Error:  line [33], column [11]. Property email is undefined on object.
	at com.google.firebase.rules.runtime.impl.DefaultEvaluator$TransformEvaluationException.apply(DefaultEvaluator.java:275)
	at com.google.firebase.rules.runtime.impl.DefaultEvaluator$TransformEvaluationException.apply(DefaultEvaluator.java:261)
	at com.google.common.util.concurrent.AbstractCatchingFuture$AsyncCatchingFuture.doFallback(AbstractCatchingFuture.java:207)
	at com.google.common.util.concurrent.AbstractCatchingFuture$AsyncCatchingFuture.doFallback(AbstractCatchingFuture.java:194)
	at com.google.common.util.concurrent.AbstractCatchingFuture.run(AbstractCatchingFuture.java:136)
	at com.google.common.util.concurrent.DirectExecutor.execute(DirectExecutor.java:30)
	at com.google.common.util.concurrent.AbstractFuture.executeListener(AbstractFuture.java:1024)
	at com.google.common.util.concurrent.AbstractFuture.addListener(AbstractFuture.java:486)
	at com.google.common.util.concurrent.FluentFuture$TrustedFuture.addListener(FluentFuture.java:122)
	at com.google.common.util.concurrent.AbstractCatchingFuture.createAsync(AbstractCatchingFuture.java:58)
	at com.google.common.util.concurrent.Futures.catchingAsync(Futures.java:409)
	at com.google.firebase.rules.runtime.impl.DefaultEvaluator.evaluate(DefaultEvaluator.java:177)
	at com.google.cloud.datastore.emulator.impl.rules.EmulatorRuleClient$EmulatorRuleEvaluator.evaluate(EmulatorRuleClient.java:88)
	at com.google.cloud.datastore.core.auth.rules.AsyncTwoPhaseRulesAuthorizer.lambda$fullEvaluate$0(AsyncTwoPhaseRulesAuthorizer.java:1001)
	at com.google.cloud.datastore.computation.Computation.tryCatch(Computation.java:469)
	at com.google.cloud.datastore.core.auth.rules.AsyncTwoPhaseRulesAuthorizer.fullEvaluate(AsyncTwoPhaseRulesAuthorizer.java:1000)
	at com.google.cloud.datastore.core.auth.rules.AsyncTwoPhaseRulesAuthorizer$CommitAuthorizerImpl.lambda$checkWrite$0(AsyncTwoPhaseRulesAuthorizer.java:1237)
	at com.google.cloud.datastore.computation.Computation.lambda$tryClose$1(Computation.java:738)
	at com.google.cloud.datastore.computation.Computation.tryCatch(Computation.java:469)
	at com.google.cloud.datastore.computation.Computation.tryFinally(Computation.java:705)
	at com.google.cloud.datastore.computation.Computation.tryFinally(Computation.java:711)
	at com.google.cloud.datastore.computation.Computation.tryClose(Computation.java:738)
	at com.google.cloud.datastore.core.auth.rules.AsyncTwoPhaseRulesAuthorizer$CommitAuthorizerImpl.checkWrite(AsyncTwoPhaseRulesAuthorizer.java:1206)
	at com.google.cloud.datastore.emulator.impl.rules.DefaultEmulatorRulesAuthorizer.lambda$checkCommit$2(DefaultEmulatorRulesAuthorizer.java:125)
	at com.google.cloud.datastore.computation.Computation.run(Computation.java:81)
	at com.google.cloud.datastore.computation.Computation$Terminated.toFuture(Computation.java:947)
	at com.google.cloud.datastore.computation.Computation.toFuture(Computation.java:92)
	at com.google.cloud.datastore.emulator.impl.rules.DefaultEmulatorRulesAuthorizer.finish(DefaultEmulatorRulesAuthorizer.java:308)
	at com.google.cloud.datastore.emulator.impl.rules.DefaultEmulatorRulesAuthorizer.lambda$checkCommit$0(DefaultEmulatorRulesAuthorizer.java:123)
	at com.google.cloud.datastore.emulator.impl.rules.DefaultEmulatorRulesAuthorizer.withVerboseErrors(DefaultEmulatorRulesAuthorizer.java:321)
	... 22 more

Multiple projectIds are not recommended in single project mode. Requested project ID demo-pharmacy-project, but the emulator is configured for demo-no-project. To opt-out of single project mode add/set the '"singleProjectMode": false' property in the firebase.json emulators config.
Multiple projectIds are not recommended in single project mode. Requested project ID demo-pharmacy-project, but the emulator is configured for demo-no-project. To opt-out of single project mode add/set the '"singleProjectMode": false' property in the firebase.json emulators config.
Multiple projectIds are not recommended in single project mode. Requested project ID demo-pharmacy-project, but the emulator is configured for demo-no-project. To opt-out of single project mode add/set the '"singleProjectMode": false' property in the firebase.json emulators config.
Multiple projectIds are not recommended in single project mode. Requested project ID demo-pharmacy-project, but the emulator is configured for demo-no-project. To opt-out of single project mode add/set the '"singleProjectMode": false' property in the firebase.json emulators config.
Multiple projectIds are not recommended in single project mode. Requested project ID demo-pharmacy-project, but the emulator is configured for demo-no-project. To opt-out of single project mode add/set the '"singleProjectMode": false' property in the firebase.json emulators config.
Multiple projectIds are not recommended in single project mode. Requested project ID demo-pharmacy-project, but the emulator is configured for demo-no-project. To opt-out of single project mode add/set the '"singleProjectMode": false' property in the firebase.json emulators config.
Aug 19, 2026 9:27:36 PM com.google.cloud.datastore.emulator.impl.util.WrappedStreamObserver onError
WARNING: Operation failed: 
Property email is undefined on object. for 'update' @ L95, Property email is undefined on object. for 'update' @ L95
com.google.cloud.datastore.core.exception.DatastoreException: 
Property email is undefined on object. for 'update' @ L95, Property email is undefined on object. for 'update' @ L95
	at com.google.cloud.datastore.core.exception.DatastoreException$Builder.build(DatastoreException.java:152)
	at com.google.cloud.datastore.emulator.impl.rules.DefaultEmulatorRulesAuthorizer.verboseError(DefaultEmulatorRulesAuthorizer.java:349)
	at com.google.cloud.datastore.emulator.impl.rules.DefaultEmulatorRulesAuthorizer.withVerboseErrors(DefaultEmulatorRulesAuthorizer.java:326)
	at com.google.cloud.datastore.emulator.impl.rules.DefaultEmulatorRulesAuthorizer.checkCommit(DefaultEmulatorRulesAuthorizer.java:114)
	at com.google.cloud.datastore.emulator.impl.firestore.FirestoreEmulatorHelper.commitHelper(FirestoreEmulatorHelper.java:386)
	at com.google.cloud.datastore.emulator.impl.firestore.FirestoreEmulatorHelper.internalCommit(FirestoreEmulatorHelper.java:336)
	at com.google.cloud.datastore.emulator.impl.firestore.CloudFirestoreV1.internalCommit(CloudFirestoreV1.java:1245)
	at com.google.cloud.datastore.emulator.impl.firestore.CloudFirestoreV1.write(CloudFirestoreV1.java:1232)
	at com.google.cloud.datastore.emulator.impl.firestore.CloudFirestoreV1WriteStream.handleRequest(CloudFirestoreV1WriteStream.java:222)
	at com.google.cloud.datastore.emulator.impl.firestore.CloudFirestoreV1WriteStream.write(CloudFirestoreV1WriteStream.java:144)
	at com.google.cloud.datastore.emulator.impl.firestore.CloudFirestoreV1WriteStream.onNext(CloudFirestoreV1WriteStream.java:99)
	at com.google.cloud.datastore.emulator.impl.firestore.CloudFirestoreV1WriteStream.onNext(CloudFirestoreV1WriteStream.java:27)
	at io.grpc.stub.ServerCalls$StreamingServerCallHandler$StreamingServerCallListener.onMessage(ServerCalls.java:262)
	at io.grpc.ForwardingServerCallListener.onMessage(ForwardingServerCallListener.java:33)
	at io.grpc.Contexts$ContextualizedServerCallListener.onMessage(Contexts.java:76)
	at io.grpc.ForwardingServerCallListener.onMessage(ForwardingServerCallListener.java:33)
	at io.grpc.Contexts$ContextualizedServerCallListener.onMessage(Contexts.java:76)
	at io.grpc.internal.ServerCallImpl$ServerStreamListenerImpl.messagesAvailableInternal(ServerCallImpl.java:334)
	at io.grpc.internal.ServerCallImpl$ServerStreamListenerImpl.messagesAvailable(ServerCallImpl.java:319)
	at io.grpc.internal.ServerImpl$JumpToApplicationThreadServerStreamListener$1MessagesAvailable.runInContext(ServerImpl.java:834)
	at io.grpc.internal.ContextRunnable.run(ContextRunnable.java:37)
	at io.grpc.internal.SerializingExecutor.run(SerializingExecutor.java:133)
	at java.base/java.util.concurrent.ThreadPoolExecutor.runWorker(ThreadPoolExecutor.java:1144)
	at java.base/java.util.concurrent.ThreadPoolExecutor$Worker.run(ThreadPoolExecutor.java:642)
	at java.base/java.lang.Thread.run(Thread.java:1583)
Caused by: com.google.firebase.rules.runtime.common.EvaluationException: Error:  line [33], column [11]. Property email is undefined on object.
	at com.google.firebase.rules.runtime.impl.DefaultEvaluator$TransformEvaluationException.apply(DefaultEvaluator.java:275)
	at com.google.firebase.rules.runtime.impl.DefaultEvaluator$TransformEvaluationException.apply(DefaultEvaluator.java:261)
	at com.google.common.util.concurrent.AbstractCatchingFuture$AsyncCatchingFuture.doFallback(AbstractCatchingFuture.java:207)
	at com.google.common.util.concurrent.AbstractCatchingFuture$AsyncCatchingFuture.doFallback(AbstractCatchingFuture.java:194)
	at com.google.common.util.concurrent.AbstractCatchingFuture.run(AbstractCatchingFuture.java:136)
	at com.google.common.util.concurrent.DirectExecutor.execute(DirectExecutor.java:30)
	at com.google.common.util.concurrent.AbstractFuture.executeListener(AbstractFuture.java:1024)
	at com.google.common.util.concurrent.AbstractFuture.addListener(AbstractFuture.java:486)
	at com.google.common.util.concurrent.FluentFuture$TrustedFuture.addListener(FluentFuture.java:122)
	at com.google.common.util.concurrent.AbstractCatchingFuture.createAsync(AbstractCatchingFuture.java:58)
	at com.google.common.util.concurrent.Futures.catchingAsync(Futures.java:409)
	at com.google.firebase.rules.runtime.impl.DefaultEvaluator.evaluate(DefaultEvaluator.java:177)
	at com.google.cloud.datastore.emulator.impl.rules.EmulatorRuleClient$EmulatorRuleEvaluator.evaluate(EmulatorRuleClient.java:88)
	at com.google.cloud.datastore.core.auth.rules.AsyncTwoPhaseRulesAuthorizer.lambda$fullEvaluate$0(AsyncTwoPhaseRulesAuthorizer.java:1001)
	at com.google.cloud.datastore.computation.Computation.tryCatch(Computation.java:469)
	at com.google.cloud.datastore.core.auth.rules.AsyncTwoPhaseRulesAuthorizer.fullEvaluate(AsyncTwoPhaseRulesAuthorizer.java:1000)
	at com.google.cloud.datastore.core.auth.rules.AsyncTwoPhaseRulesAuthorizer$CommitAuthorizerImpl.lambda$checkWrite$0(AsyncTwoPhaseRulesAuthorizer.java:1237)
	at com.google.cloud.datastore.computation.Computation.lambda$tryClose$1(Computation.java:738)
	at com.google.cloud.datastore.computation.Computation.tryCatch(Computation.java:469)
	at com.google.cloud.datastore.computation.Computation.tryFinally(Computation.java:705)
	at com.google.cloud.datastore.computation.Computation.tryFinally(Computation.java:711)
	at com.google.cloud.datastore.computation.Computation.tryClose(Computation.java:738)
	at com.google.cloud.datastore.core.auth.rules.AsyncTwoPhaseRulesAuthorizer$CommitAuthorizerImpl.checkWrite(AsyncTwoPhaseRulesAuthorizer.java:1206)
	at com.google.cloud.datastore.emulator.impl.rules.DefaultEmulatorRulesAuthorizer.lambda$checkCommit$2(DefaultEmulatorRulesAuthorizer.java:125)
	at com.google.cloud.datastore.computation.Computation.run(Computation.java:81)
	at com.google.cloud.datastore.computation.Computation$Terminated.toFuture(Computation.java:947)
	at com.google.cloud.datastore.computation.Computation.toFuture(Computation.java:92)
	at com.google.cloud.datastore.emulator.impl.rules.DefaultEmulatorRulesAuthorizer.finish(DefaultEmulatorRulesAuthorizer.java:308)
	at com.google.cloud.datastore.emulator.impl.rules.DefaultEmulatorRulesAuthorizer.lambda$checkCommit$0(DefaultEmulatorRulesAuthorizer.java:123)
	at com.google.cloud.datastore.emulator.impl.rules.DefaultEmulatorRulesAuthorizer.withVerboseErrors(DefaultEmulatorRulesAuthorizer.java:321)
	... 22 more

Multiple projectIds are not recommended in single project mode. Requested project ID demo-pharmacy-project, but the emulator is configured for demo-no-project. To opt-out of single project mode add/set the '"singleProjectMode": false' property in the firebase.json emulators config.
Multiple projectIds are not recommended in single project mode. Requested project ID demo-pharmacy-project, but the emulator is configured for demo-no-project. To opt-out of single project mode add/set the '"singleProjectMode": false' property in the firebase.json emulators config.
Multiple projectIds are not recommended in single project mode. Requested project ID demo-pharmacy-project, but the emulator is configured for demo-no-project. To opt-out of single project mode add/set the '"singleProjectMode": false' property in the firebase.json emulators config.
Multiple projectIds are not recommended in single project mode. Requested project ID demo-pharmacy-project, but the emulator is configured for demo-no-project. To opt-out of single project mode add/set the '"singleProjectMode": false' property in the firebase.json emulators config.
Multiple projectIds are not recommended in single project mode. Requested project ID demo-pharmacy-project, but the emulator is configured for demo-no-project. To opt-out of single project mode add/set the '"singleProjectMode": false' property in the firebase.json emulators config.
Multiple projectIds are not recommended in single project mode. Requested project ID demo-pharmacy-project, but the emulator is configured for demo-no-project. To opt-out of single project mode add/set the '"singleProjectMode": false' property in the firebase.json emulators config.
Aug 19, 2026 9:27:36 PM com.google.cloud.datastore.emulator.impl.util.WrappedStreamObserver onError
WARNING: Operation failed: 
Property email is undefined on object. for 'update' @ L95, Property email is undefined on object. for 'update' @ L95
com.google.cloud.datastore.core.exception.DatastoreException: 
Property email is undefined on object. for 'update' @ L95, Property email is undefined on object. for 'update' @ L95
	at com.google.cloud.datastore.core.exception.DatastoreException$Builder.build(DatastoreException.java:152)
	at com.google.cloud.datastore.emulator.impl.rules.DefaultEmulatorRulesAuthorizer.verboseError(DefaultEmulatorRulesAuthorizer.java:349)
	at com.google.cloud.datastore.emulator.impl.rules.DefaultEmulatorRulesAuthorizer.withVerboseErrors(DefaultEmulatorRulesAuthorizer.java:326)
	at com.google.cloud.datastore.emulator.impl.rules.DefaultEmulatorRulesAuthorizer.checkCommit(DefaultEmulatorRulesAuthorizer.java:114)
	at com.google.cloud.datastore.emulator.impl.firestore.FirestoreEmulatorHelper.commitHelper(FirestoreEmulatorHelper.java:386)
	at com.google.cloud.datastore.emulator.impl.firestore.FirestoreEmulatorHelper.internalCommit(FirestoreEmulatorHelper.java:336)
	at com.google.cloud.datastore.emulator.impl.firestore.CloudFirestoreV1.internalCommit(CloudFirestoreV1.java:1245)
	at com.google.cloud.datastore.emulator.impl.firestore.CloudFirestoreV1.write(CloudFirestoreV1.java:1232)
	at com.google.cloud.datastore.emulator.impl.firestore.CloudFirestoreV1WriteStream.handleRequest(CloudFirestoreV1WriteStream.java:222)
	at com.google.cloud.datastore.emulator.impl.firestore.CloudFirestoreV1WriteStream.write(CloudFirestoreV1WriteStream.java:144)
	at com.google.cloud.datastore.emulator.impl.firestore.CloudFirestoreV1WriteStream.onNext(CloudFirestoreV1WriteStream.java:99)
	at com.google.cloud.datastore.emulator.impl.firestore.CloudFirestoreV1WriteStream.onNext(CloudFirestoreV1WriteStream.java:27)
	at io.grpc.stub.ServerCalls$StreamingServerCallHandler$StreamingServerCallListener.onMessage(ServerCalls.java:262)
	at io.grpc.ForwardingServerCallListener.onMessage(ForwardingServerCallListener.java:33)
	at io.grpc.Contexts$ContextualizedServerCallListener.onMessage(Contexts.java:76)
	at io.grpc.ForwardingServerCallListener.onMessage(ForwardingServerCallListener.java:33)
	at io.grpc.Contexts$ContextualizedServerCallListener.onMessage(Contexts.java:76)
	at io.grpc.internal.ServerCallImpl$ServerStreamListenerImpl.messagesAvailableInternal(ServerCallImpl.java:334)
	at io.grpc.internal.ServerCallImpl$ServerStreamListenerImpl.messagesAvailable(ServerCallImpl.java:319)
	at io.grpc.internal.ServerImpl$JumpToApplicationThreadServerStreamListener$1MessagesAvailable.runInContext(ServerImpl.java:834)
	at io.grpc.internal.ContextRunnable.run(ContextRunnable.java:37)
	at io.grpc.internal.SerializingExecutor.run(SerializingExecutor.java:133)
	at java.base/java.util.concurrent.ThreadPoolExecutor.runWorker(ThreadPoolExecutor.java:1144)
	at java.base/java.util.concurrent.ThreadPoolExecutor$Worker.run(ThreadPoolExecutor.java:642)
	at java.base/java.lang.Thread.run(Thread.java:1583)
Caused by: com.google.firebase.rules.runtime.common.EvaluationException: Error:  line [33], column [11]. Property email is undefined on object.
	at com.google.firebase.rules.runtime.impl.DefaultEvaluator$TransformEvaluationException.apply(DefaultEvaluator.java:275)
	at com.google.firebase.rules.runtime.impl.DefaultEvaluator$TransformEvaluationException.apply(DefaultEvaluator.java:261)
	at com.google.common.util.concurrent.AbstractCatchingFuture$AsyncCatchingFuture.doFallback(AbstractCatchingFuture.java:207)
	at com.google.common.util.concurrent.AbstractCatchingFuture$AsyncCatchingFuture.doFallback(AbstractCatchingFuture.java:194)
	at com.google.common.util.concurrent.AbstractCatchingFuture.run(AbstractCatchingFuture.java:136)
	at com.google.common.util.concurrent.DirectExecutor.execute(DirectExecutor.java:30)
	at com.google.common.util.concurrent.AbstractFuture.executeListener(AbstractFuture.java:1024)
	at com.google.common.util.concurrent.AbstractFuture.addListener(AbstractFuture.java:486)
	at com.google.common.util.concurrent.FluentFuture$TrustedFuture.addListener(FluentFuture.java:122)
	at com.google.common.util.concurrent.AbstractCatchingFuture.createAsync(AbstractCatchingFuture.java:58)
	at com.google.common.util.concurrent.Futures.catchingAsync(Futures.java:409)
	at com.google.firebase.rules.runtime.impl.DefaultEvaluator.evaluate(DefaultEvaluator.java:177)
	at com.google.cloud.datastore.emulator.impl.rules.EmulatorRuleClient$EmulatorRuleEvaluator.evaluate(EmulatorRuleClient.java:88)
	at com.google.cloud.datastore.core.auth.rules.AsyncTwoPhaseRulesAuthorizer.lambda$fullEvaluate$0(AsyncTwoPhaseRulesAuthorizer.java:1001)
	at com.google.cloud.datastore.computation.Computation.tryCatch(Computation.java:469)
	at com.google.cloud.datastore.core.auth.rules.AsyncTwoPhaseRulesAuthorizer.fullEvaluate(AsyncTwoPhaseRulesAuthorizer.java:1000)
	at com.google.cloud.datastore.core.auth.rules.AsyncTwoPhaseRulesAuthorizer$CommitAuthorizerImpl.lambda$checkWrite$0(AsyncTwoPhaseRulesAuthorizer.java:1237)
	at com.google.cloud.datastore.computation.Computation.lambda$tryClose$1(Computation.java:738)
	at com.google.cloud.datastore.computation.Computation.tryCatch(Computation.java:469)
	at com.google.cloud.datastore.computation.Computation.tryFinally(Computation.java:705)
	at com.google.cloud.datastore.computation.Computation.tryFinally(Computation.java:711)
	at com.google.cloud.datastore.computation.Computation.tryClose(Computation.java:738)
	at com.google.cloud.datastore.core.auth.rules.AsyncTwoPhaseRulesAuthorizer$CommitAuthorizerImpl.checkWrite(AsyncTwoPhaseRulesAuthorizer.java:1206)
	at com.google.cloud.datastore.emulator.impl.rules.DefaultEmulatorRulesAuthorizer.lambda$checkCommit$2(DefaultEmulatorRulesAuthorizer.java:125)
	at com.google.cloud.datastore.computation.Computation.run(Computation.java:81)
	at com.google.cloud.datastore.computation.Computation$Terminated.toFuture(Computation.java:947)
	at com.google.cloud.datastore.computation.Computation.toFuture(Computation.java:92)
	at com.google.cloud.datastore.emulator.impl.rules.DefaultEmulatorRulesAuthorizer.finish(DefaultEmulatorRulesAuthorizer.java:308)
	at com.google.cloud.datastore.emulator.impl.rules.DefaultEmulatorRulesAuthorizer.lambda$checkCommit$0(DefaultEmulatorRulesAuthorizer.java:123)
	at com.google.cloud.datastore.emulator.impl.rules.DefaultEmulatorRulesAuthorizer.withVerboseErrors(DefaultEmulatorRulesAuthorizer.java:321)
	... 22 more

Multiple projectIds are not recommended in single project mode. Requested project ID demo-pharmacy-project, but the emulator is configured for demo-no-project. To opt-out of single project mode add/set the '"singleProjectMode": false' property in the firebase.json emulators config.
Multiple projectIds are not recommended in single project mode. Requested project ID demo-pharmacy-project, but the emulator is configured for demo-no-project. To opt-out of single project mode add/set the '"singleProjectMode": false' property in the firebase.json emulators config.
Multiple projectIds are not recommended in single project mode. Requested project ID demo-pharmacy-project, but the emulator is configured for demo-no-project. To opt-out of single project mode add/set the '"singleProjectMode": false' property in the firebase.json emulators config.
Multiple projectIds are not recommended in single project mode. Requested project ID demo-pharmacy-project, but the emulator is configured for demo-no-project. To opt-out of single project mode add/set the '"singleProjectMode": false' property in the firebase.json emulators config.
Multiple projectIds are not recommended in single project mode. Requested project ID demo-pharmacy-project, but the emulator is configured for demo-no-project. To opt-out of single project mode add/set the '"singleProjectMode": false' property in the firebase.json emulators config.
Multiple projectIds are not recommended in single project mode. Requested project ID demo-pharmacy-project, but the emulator is configured for demo-no-project. To opt-out of single project mode add/set the '"singleProjectMode": false' property in the firebase.json emulators config.
Aug 19, 2026 9:27:36 PM com.google.cloud.datastore.emulator.impl.util.WrappedStreamObserver onError
WARNING: Operation failed: 
evaluation error at L365:24 for 'create' @ L365, Property email is undefined on object. for 'update' @ L369, false for 'create' @ L365
com.google.cloud.datastore.core.exception.DatastoreException: 
evaluation error at L365:24 for 'create' @ L365, Property email is undefined on object. for 'update' @ L369, false for 'create' @ L365
	at com.google.cloud.datastore.core.exception.DatastoreException$Builder.build(DatastoreException.java:152)
	at com.google.cloud.datastore.emulator.impl.rules.DefaultEmulatorRulesAuthorizer.verboseError(DefaultEmulatorRulesAuthorizer.java:349)
	at com.google.cloud.datastore.emulator.impl.rules.DefaultEmulatorRulesAuthorizer.withVerboseErrors(DefaultEmulatorRulesAuthorizer.java:326)
	at com.google.cloud.datastore.emulator.impl.rules.DefaultEmulatorRulesAuthorizer.checkCommit(DefaultEmulatorRulesAuthorizer.java:114)
	at com.google.cloud.datastore.emulator.impl.firestore.FirestoreEmulatorHelper.commitHelper(FirestoreEmulatorHelper.java:386)
	at com.google.cloud.datastore.emulator.impl.firestore.FirestoreEmulatorHelper.internalCommit(FirestoreEmulatorHelper.java:336)
	at com.google.cloud.datastore.emulator.impl.firestore.CloudFirestoreV1.internalCommit(CloudFirestoreV1.java:1245)
	at com.google.cloud.datastore.emulator.impl.firestore.CloudFirestoreV1.write(CloudFirestoreV1.java:1232)
	at com.google.cloud.datastore.emulator.impl.firestore.CloudFirestoreV1WriteStream.handleRequest(CloudFirestoreV1WriteStream.java:222)
	at com.google.cloud.datastore.emulator.impl.firestore.CloudFirestoreV1WriteStream.write(CloudFirestoreV1WriteStream.java:144)
	at com.google.cloud.datastore.emulator.impl.firestore.CloudFirestoreV1WriteStream.onNext(CloudFirestoreV1WriteStream.java:99)
	at com.google.cloud.datastore.emulator.impl.firestore.CloudFirestoreV1WriteStream.onNext(CloudFirestoreV1WriteStream.java:27)
	at io.grpc.stub.ServerCalls$StreamingServerCallHandler$StreamingServerCallListener.onMessage(ServerCalls.java:262)
	at io.grpc.ForwardingServerCallListener.onMessage(ForwardingServerCallListener.java:33)
	at io.grpc.Contexts$ContextualizedServerCallListener.onMessage(Contexts.java:76)
	at io.grpc.ForwardingServerCallListener.onMessage(ForwardingServerCallListener.java:33)
	at io.grpc.Contexts$ContextualizedServerCallListener.onMessage(Contexts.java:76)
	at io.grpc.internal.ServerCallImpl$ServerStreamListenerImpl.messagesAvailableInternal(ServerCallImpl.java:334)
	at io.grpc.internal.ServerCallImpl$ServerStreamListenerImpl.messagesAvailable(ServerCallImpl.java:319)
	at io.grpc.internal.ServerImpl$JumpToApplicationThreadServerStreamListener$1MessagesAvailable.runInContext(ServerImpl.java:834)
	at io.grpc.internal.ContextRunnable.run(ContextRunnable.java:37)
	at io.grpc.internal.SerializingExecutor.run(SerializingExecutor.java:133)
	at java.base/java.util.concurrent.ThreadPoolExecutor.runWorker(ThreadPoolExecutor.java:1144)
	at java.base/java.util.concurrent.ThreadPoolExecutor$Worker.run(ThreadPoolExecutor.java:642)
	at java.base/java.lang.Thread.run(Thread.java:1583)

Multiple projectIds are not recommended in single project mode. Requested project ID demo-pharmacy-project, but the emulator is configured for demo-no-project. To opt-out of single project mode add/set the '"singleProjectMode": false' property in the firebase.json emulators config.
Multiple projectIds are not recommended in single project mode. Requested project ID demo-pharmacy-project, but the emulator is configured for demo-no-project. To opt-out of single project mode add/set the '"singleProjectMode": false' property in the firebase.json emulators config.
Multiple projectIds are not recommended in single project mode. Requested project ID demo-pharmacy-project, but the emulator is configured for demo-no-project. To opt-out of single project mode add/set the '"singleProjectMode": false' property in the firebase.json emulators config.
Multiple projectIds are not recommended in single project mode. Requested project ID demo-pharmacy-project, but the emulator is configured for demo-no-project. To opt-out of single project mode add/set the '"singleProjectMode": false' property in the firebase.json emulators config.
Multiple projectIds are not recommended in single project mode. Requested project ID demo-pharmacy-project, but the emulator is configured for demo-no-project. To opt-out of single project mode add/set the '"singleProjectMode": false' property in the firebase.json emulators config.
Multiple projectIds are not recommended in single project mode. Requested project ID demo-pharmacy-project, but the emulator is configured for demo-no-project. To opt-out of single project mode add/set the '"singleProjectMode": false' property in the firebase.json emulators config.
Aug 19, 2026 9:27:37 PM com.google.cloud.datastore.emulator.impl.util.WrappedStreamObserver onError
WARNING: Operation failed: 
Property email is undefined on object. for 'update' @ L369, Property email is undefined on object. for 'update' @ L369
com.google.cloud.datastore.core.exception.DatastoreException: 
Property email is undefined on object. for 'update' @ L369, Property email is undefined on object. for 'update' @ L369
	at com.google.cloud.datastore.core.exception.DatastoreException$Builder.build(DatastoreException.java:152)
	at com.google.cloud.datastore.emulator.impl.rules.DefaultEmulatorRulesAuthorizer.verboseError(DefaultEmulatorRulesAuthorizer.java:349)
	at com.google.cloud.datastore.emulator.impl.rules.DefaultEmulatorRulesAuthorizer.withVerboseErrors(DefaultEmulatorRulesAuthorizer.java:326)
	at com.google.cloud.datastore.emulator.impl.rules.DefaultEmulatorRulesAuthorizer.checkCommit(DefaultEmulatorRulesAuthorizer.java:114)
	at com.google.cloud.datastore.emulator.impl.firestore.FirestoreEmulatorHelper.commitHelper(FirestoreEmulatorHelper.java:386)
	at com.google.cloud.datastore.emulator.impl.firestore.FirestoreEmulatorHelper.internalCommit(FirestoreEmulatorHelper.java:336)
	at com.google.cloud.datastore.emulator.impl.firestore.CloudFirestoreV1.internalCommit(CloudFirestoreV1.java:1245)
	at com.google.cloud.datastore.emulator.impl.firestore.CloudFirestoreV1.write(CloudFirestoreV1.java:1232)
	at com.google.cloud.datastore.emulator.impl.firestore.CloudFirestoreV1WriteStream.handleRequest(CloudFirestoreV1WriteStream.java:222)
	at com.google.cloud.datastore.emulator.impl.firestore.CloudFirestoreV1WriteStream.write(CloudFirestoreV1WriteStream.java:144)
	at com.google.cloud.datastore.emulator.impl.firestore.CloudFirestoreV1WriteStream.onNext(CloudFirestoreV1WriteStream.java:99)
	at com.google.cloud.datastore.emulator.impl.firestore.CloudFirestoreV1WriteStream.onNext(CloudFirestoreV1WriteStream.java:27)
	at io.grpc.stub.ServerCalls$StreamingServerCallHandler$StreamingServerCallListener.onMessage(ServerCalls.java:262)
	at io.grpc.ForwardingServerCallListener.onMessage(ForwardingServerCallListener.java:33)
	at io.grpc.Contexts$ContextualizedServerCallListener.onMessage(Contexts.java:76)
	at io.grpc.ForwardingServerCallListener.onMessage(ForwardingServerCallListener.java:33)
	at io.grpc.Contexts$ContextualizedServerCallListener.onMessage(Contexts.java:76)
	at io.grpc.internal.ServerCallImpl$ServerStreamListenerImpl.messagesAvailableInternal(ServerCallImpl.java:334)
	at io.grpc.internal.ServerCallImpl$ServerStreamListenerImpl.messagesAvailable(ServerCallImpl.java:319)
	at io.grpc.internal.ServerImpl$JumpToApplicationThreadServerStreamListener$1MessagesAvailable.runInContext(ServerImpl.java:834)
	at io.grpc.internal.ContextRunnable.run(ContextRunnable.java:37)
	at io.grpc.internal.SerializingExecutor.run(SerializingExecutor.java:133)
	at java.base/java.util.concurrent.ThreadPoolExecutor.runWorker(ThreadPoolExecutor.java:1144)
	at java.base/java.util.concurrent.ThreadPoolExecutor$Worker.run(ThreadPoolExecutor.java:642)
	at java.base/java.lang.Thread.run(Thread.java:1583)
Caused by: com.google.firebase.rules.runtime.common.EvaluationException: Error:  line [33], column [11]. Property email is undefined on object.
	at com.google.firebase.rules.runtime.impl.DefaultEvaluator$TransformEvaluationException.apply(DefaultEvaluator.java:275)
	at com.google.firebase.rules.runtime.impl.DefaultEvaluator$TransformEvaluationException.apply(DefaultEvaluator.java:261)
	at com.google.common.util.concurrent.AbstractCatchingFuture$AsyncCatchingFuture.doFallback(AbstractCatchingFuture.java:207)
	at com.google.common.util.concurrent.AbstractCatchingFuture$AsyncCatchingFuture.doFallback(AbstractCatchingFuture.java:194)
	at com.google.common.util.concurrent.AbstractCatchingFuture.run(AbstractCatchingFuture.java:136)
	at com.google.common.util.concurrent.DirectExecutor.execute(DirectExecutor.java:30)
	at com.google.common.util.concurrent.AbstractFuture.executeListener(AbstractFuture.java:1024)
	at com.google.common.util.concurrent.AbstractFuture.addListener(AbstractFuture.java:486)
	at com.google.common.util.concurrent.FluentFuture$TrustedFuture.addListener(FluentFuture.java:122)
	at com.google.common.util.concurrent.AbstractCatchingFuture.createAsync(AbstractCatchingFuture.java:58)
	at com.google.common.util.concurrent.Futures.catchingAsync(Futures.java:409)
	at com.google.firebase.rules.runtime.impl.DefaultEvaluator.evaluate(DefaultEvaluator.java:177)
	at com.google.cloud.datastore.emulator.impl.rules.EmulatorRuleClient$EmulatorRuleEvaluator.evaluate(EmulatorRuleClient.java:88)
	at com.google.cloud.datastore.core.auth.rules.AsyncTwoPhaseRulesAuthorizer.lambda$fullEvaluate$0(AsyncTwoPhaseRulesAuthorizer.java:1001)
	at com.google.cloud.datastore.computation.Computation.tryCatch(Computation.java:469)
	at com.google.cloud.datastore.core.auth.rules.AsyncTwoPhaseRulesAuthorizer.fullEvaluate(AsyncTwoPhaseRulesAuthorizer.java:1000)
	at com.google.cloud.datastore.core.auth.rules.AsyncTwoPhaseRulesAuthorizer$CommitAuthorizerImpl.lambda$checkWrite$0(AsyncTwoPhaseRulesAuthorizer.java:1237)
	at com.google.cloud.datastore.computation.Computation.lambda$tryClose$1(Computation.java:738)
	at com.google.cloud.datastore.computation.Computation.tryCatch(Computation.java:469)
	at com.google.cloud.datastore.computation.Computation.tryFinally(Computation.java:705)
	at com.google.cloud.datastore.computation.Computation.tryFinally(Computation.java:711)
	at com.google.cloud.datastore.computation.Computation.tryClose(Computation.java:738)
	at com.google.cloud.datastore.core.auth.rules.AsyncTwoPhaseRulesAuthorizer$CommitAuthorizerImpl.checkWrite(AsyncTwoPhaseRulesAuthorizer.java:1206)
	at com.google.cloud.datastore.emulator.impl.rules.DefaultEmulatorRulesAuthorizer.lambda$checkCommit$2(DefaultEmulatorRulesAuthorizer.java:125)
	at com.google.cloud.datastore.computation.Computation.run(Computation.java:81)
	at com.google.cloud.datastore.computation.Computation$Terminated.toFuture(Computation.java:947)
	at com.google.cloud.datastore.computation.Computation.toFuture(Computation.java:92)
	at com.google.cloud.datastore.emulator.impl.rules.DefaultEmulatorRulesAuthorizer.finish(DefaultEmulatorRulesAuthorizer.java:308)
	at com.google.cloud.datastore.emulator.impl.rules.DefaultEmulatorRulesAuthorizer.lambda$checkCommit$0(DefaultEmulatorRulesAuthorizer.java:123)
	at com.google.cloud.datastore.emulator.impl.rules.DefaultEmulatorRulesAuthorizer.withVerboseErrors(DefaultEmulatorRulesAuthorizer.java:321)
	... 22 more

Multiple projectIds are not recommended in single project mode. Requested project ID demo-pharmacy-project, but the emulator is configured for demo-no-project. To opt-out of single project mode add/set the '"singleProjectMode": false' property in the firebase.json emulators config.
Multiple projectIds are not recommended in single project mode. Requested project ID demo-pharmacy-project, but the emulator is configured for demo-no-project. To opt-out of single project mode add/set the '"singleProjectMode": false' property in the firebase.json emulators config.
Multiple projectIds are not recommended in single project mode. Requested project ID demo-pharmacy-project, but the emulator is configured for demo-no-project. To opt-out of single project mode add/set the '"singleProjectMode": false' property in the firebase.json emulators config.
Multiple projectIds are not recommended in single project mode. Requested project ID demo-pharmacy-project, but the emulator is configured for demo-no-project. To opt-out of single project mode add/set the '"singleProjectMode": false' property in the firebase.json emulators config.
Multiple projectIds are not recommended in single project mode. Requested project ID demo-pharmacy-project, but the emulator is configured for demo-no-project. To opt-out of single project mode add/set the '"singleProjectMode": false' property in the firebase.json emulators config.
Multiple projectIds are not recommended in single project mode. Requested project ID demo-pharmacy-project, but the emulator is configured for demo-no-project. To opt-out of single project mode add/set the '"singleProjectMode": false' property in the firebase.json emulators config.
Multiple projectIds are not recommended in single project mode. Requested project ID demo-pharmacy-project, but the emulator is configured for demo-no-project. To opt-out of single project mode add/set the '"singleProjectMode": false' property in the firebase.json emulators config.
Multiple projectIds are not recommended in single project mode. Requested project ID demo-pharmacy-project, but the emulator is configured for demo-no-project. To opt-out of single project mode add/set the '"singleProjectMode": false' property in the firebase.json emulators config.
Multiple projectIds are not recommended in single project mode. Requested project ID demo-pharmacy-project, but the emulator is configured for demo-no-project. To opt-out of single project mode add/set the '"singleProjectMode": false' property in the firebase.json emulators config.
Multiple projectIds are not recommended in single project mode. Requested project ID demo-pharmacy-project, but the emulator is configured for demo-no-project. To opt-out of single project mode add/set the '"singleProjectMode": false' property in the firebase.json emulators config.
Multiple projectIds are not recommended in single project mode. Requested project ID demo-pharmacy-project, but the emulator is configured for demo-no-project. To opt-out of single project mode add/set the '"singleProjectMode": false' property in the firebase.json emulators config.
Multiple projectIds are not recommended in single project mode. Requested project ID demo-pharmacy-project, but the emulator is configured for demo-no-project. To opt-out of single project mode add/set the '"singleProjectMode": false' property in the firebase.json emulators config.
Aug 19, 2026 9:27:37 PM com.google.cloud.datastore.emulator.impl.util.WrappedStreamObserver onError
WARNING: Operation failed: 
evaluation error at L404:24 for 'update' @ L404, Property email is undefined on object. for 'update' @ L404
com.google.cloud.datastore.core.exception.DatastoreException: 
evaluation error at L404:24 for 'update' @ L404, Property email is undefined on object. for 'update' @ L404
	at com.google.cloud.datastore.core.exception.DatastoreException$Builder.build(DatastoreException.java:152)
	at com.google.cloud.datastore.emulator.impl.rules.DefaultEmulatorRulesAuthorizer.verboseError(DefaultEmulatorRulesAuthorizer.java:349)
	at com.google.cloud.datastore.emulator.impl.rules.DefaultEmulatorRulesAuthorizer.withVerboseErrors(DefaultEmulatorRulesAuthorizer.java:326)
	at com.google.cloud.datastore.emulator.impl.rules.DefaultEmulatorRulesAuthorizer.checkCommit(DefaultEmulatorRulesAuthorizer.java:114)
	at com.google.cloud.datastore.emulator.impl.firestore.FirestoreEmulatorHelper.commitHelper(FirestoreEmulatorHelper.java:386)
	at com.google.cloud.datastore.emulator.impl.firestore.FirestoreEmulatorHelper.internalCommit(FirestoreEmulatorHelper.java:336)
	at com.google.cloud.datastore.emulator.impl.firestore.CloudFirestoreV1.internalCommit(CloudFirestoreV1.java:1245)
	at com.google.cloud.datastore.emulator.impl.firestore.CloudFirestoreV1.write(CloudFirestoreV1.java:1232)
	at com.google.cloud.datastore.emulator.impl.firestore.CloudFirestoreV1WriteStream.handleRequest(CloudFirestoreV1WriteStream.java:222)
	at com.google.cloud.datastore.emulator.impl.firestore.CloudFirestoreV1WriteStream.write(CloudFirestoreV1WriteStream.java:144)
	at com.google.cloud.datastore.emulator.impl.firestore.CloudFirestoreV1WriteStream.onNext(CloudFirestoreV1WriteStream.java:99)
	at com.google.cloud.datastore.emulator.impl.firestore.CloudFirestoreV1WriteStream.onNext(CloudFirestoreV1WriteStream.java:27)
	at io.grpc.stub.ServerCalls$StreamingServerCallHandler$StreamingServerCallListener.onMessage(ServerCalls.java:262)
	at io.grpc.ForwardingServerCallListener.onMessage(ForwardingServerCallListener.java:33)
	at io.grpc.Contexts$ContextualizedServerCallListener.onMessage(Contexts.java:76)
	at io.grpc.ForwardingServerCallListener.onMessage(ForwardingServerCallListener.java:33)
	at io.grpc.Contexts$ContextualizedServerCallListener.onMessage(Contexts.java:76)
	at io.grpc.internal.ServerCallImpl$ServerStreamListenerImpl.messagesAvailableInternal(ServerCallImpl.java:334)
	at io.grpc.internal.ServerCallImpl$ServerStreamListenerImpl.messagesAvailable(ServerCallImpl.java:319)
	at io.grpc.internal.ServerImpl$JumpToApplicationThreadServerStreamListener$1MessagesAvailable.runInContext(ServerImpl.java:834)
	at io.grpc.internal.ContextRunnable.run(ContextRunnable.java:37)
	at io.grpc.internal.SerializingExecutor.run(SerializingExecutor.java:133)
	at java.base/java.util.concurrent.ThreadPoolExecutor.runWorker(ThreadPoolExecutor.java:1144)
	at java.base/java.util.concurrent.ThreadPoolExecutor$Worker.run(ThreadPoolExecutor.java:642)
	at java.base/java.lang.Thread.run(Thread.java:1583)
Caused by: com.google.firebase.rules.runtime.common.EvaluationException: Error:  line [33], column [11]. Property email is undefined on object.
	at com.google.firebase.rules.runtime.impl.DefaultEvaluator$TransformEvaluationException.apply(DefaultEvaluator.java:275)
	at com.google.firebase.rules.runtime.impl.DefaultEvaluator$TransformEvaluationException.apply(DefaultEvaluator.java:261)
	at com.google.common.util.concurrent.AbstractCatchingFuture$AsyncCatchingFuture.doFallback(AbstractCatchingFuture.java:207)
	at com.google.common.util.concurrent.AbstractCatchingFuture$AsyncCatchingFuture.doFallback(AbstractCatchingFuture.java:194)
	at com.google.common.util.concurrent.AbstractCatchingFuture.run(AbstractCatchingFuture.java:136)
	at com.google.common.util.concurrent.DirectExecutor.execute(DirectExecutor.java:30)
	at com.google.common.util.concurrent.AbstractFuture.executeListener(AbstractFuture.java:1024)
	at com.google.common.util.concurrent.AbstractFuture.addListener(AbstractFuture.java:486)
	at com.google.common.util.concurrent.FluentFuture$TrustedFuture.addListener(FluentFuture.java:122)
	at com.google.common.util.concurrent.AbstractCatchingFuture.createAsync(AbstractCatchingFuture.java:58)
	at com.google.common.util.concurrent.Futures.catchingAsync(Futures.java:409)
	at com.google.firebase.rules.runtime.impl.DefaultEvaluator.evaluate(DefaultEvaluator.java:177)
	at com.google.cloud.datastore.emulator.impl.rules.EmulatorRuleClient$EmulatorRuleEvaluator.evaluate(EmulatorRuleClient.java:88)
	at com.google.cloud.datastore.core.auth.rules.AsyncTwoPhaseRulesAuthorizer.lambda$fullEvaluate$0(AsyncTwoPhaseRulesAuthorizer.java:1001)
	at com.google.cloud.datastore.computation.Computation.tryCatch(Computation.java:469)
	at com.google.cloud.datastore.core.auth.rules.AsyncTwoPhaseRulesAuthorizer.fullEvaluate(AsyncTwoPhaseRulesAuthorizer.java:1000)
	at com.google.cloud.datastore.core.auth.rules.AsyncTwoPhaseRulesAuthorizer$CommitAuthorizerImpl.lambda$checkWrite$0(AsyncTwoPhaseRulesAuthorizer.java:1237)
	at com.google.cloud.datastore.computation.Computation.lambda$tryClose$1(Computation.java:738)
	at com.google.cloud.datastore.computation.Computation.tryCatch(Computation.java:469)
	at com.google.cloud.datastore.computation.Computation.tryFinally(Computation.java:705)
	at com.google.cloud.datastore.computation.Computation.tryFinally(Computation.java:711)
	at com.google.cloud.datastore.computation.Computation.tryClose(Computation.java:738)
	at com.google.cloud.datastore.core.auth.rules.AsyncTwoPhaseRulesAuthorizer$CommitAuthorizerImpl.checkWrite(AsyncTwoPhaseRulesAuthorizer.java:1206)
	at com.google.cloud.datastore.emulator.impl.rules.DefaultEmulatorRulesAuthorizer.lambda$checkCommit$2(DefaultEmulatorRulesAuthorizer.java:125)
	at com.google.cloud.datastore.computation.Computation.run(Computation.java:81)
	at com.google.cloud.datastore.computation.Computation$Terminated.toFuture(Computation.java:947)
	at com.google.cloud.datastore.computation.Computation.toFuture(Computation.java:92)
	at com.google.cloud.datastore.emulator.impl.rules.DefaultEmulatorRulesAuthorizer.finish(DefaultEmulatorRulesAuthorizer.java:308)
	at com.google.cloud.datastore.emulator.impl.rules.DefaultEmulatorRulesAuthorizer.lambda$checkCommit$0(DefaultEmulatorRulesAuthorizer.java:123)
	at com.google.cloud.datastore.emulator.impl.rules.DefaultEmulatorRulesAuthorizer.withVerboseErrors(DefaultEmulatorRulesAuthorizer.java:321)
	... 22 more

Multiple projectIds are not recommended in single project mode. Requested project ID demo-pharmacy-project, but the emulator is configured for demo-no-project. To opt-out of single project mode add/set the '"singleProjectMode": false' property in the firebase.json emulators config.
Multiple projectIds are not recommended in single project mode. Requested project ID demo-pharmacy-project, but the emulator is configured for demo-no-project. To opt-out of single project mode add/set the '"singleProjectMode": false' property in the firebase.json emulators config.
Multiple projectIds are not recommended in single project mode. Requested project ID demo-pharmacy-project, but the emulator is configured for demo-no-project. To opt-out of single project mode add/set the '"singleProjectMode": false' property in the firebase.json emulators config.
Multiple projectIds are not recommended in single project mode. Requested project ID demo-pharmacy-project, but the emulator is configured for demo-no-project. To opt-out of single project mode add/set the '"singleProjectMode": false' property in the firebase.json emulators config.
Multiple projectIds are not recommended in single project mode. Requested project ID demo-pharmacy-project, but the emulator is configured for demo-no-project. To opt-out of single project mode add/set the '"singleProjectMode": false' property in the firebase.json emulators config.
Multiple projectIds are not recommended in single project mode. Requested project ID demo-pharmacy-project, but the emulator is configured for demo-no-project. To opt-out of single project mode add/set the '"singleProjectMode": false' property in the firebase.json emulators config.
Multiple projectIds are not recommended in single project mode. Requested project ID demo-pharmacy-project, but the emulator is configured for demo-no-project. To opt-out of single project mode add/set the '"singleProjectMode": false' property in the firebase.json emulators config.
Multiple projectIds are not recommended in single project mode. Requested project ID demo-pharmacy-project, but the emulator is configured for demo-no-project. To opt-out of single project mode add/set the '"singleProjectMode": false' property in the firebase.json emulators config.
Multiple projectIds are not recommended in single project mode. Requested project ID demo-pharmacy-project, but the emulator is configured for demo-no-project. To opt-out of single project mode add/set the '"singleProjectMode": false' property in the firebase.json emulators config.
Multiple projectIds are not recommended in single project mode. Requested project ID demo-pharmacy-project, but the emulator is configured for demo-no-project. To opt-out of single project mode add/set the '"singleProjectMode": false' property in the firebase.json emulators config.
Multiple projectIds are not recommended in single project mode. Requested project ID demo-pharmacy-project, but the emulator is configured for demo-no-project. To opt-out of single project mode add/set the '"singleProjectMode": false' property in the firebase.json emulators config.
Multiple projectIds are not recommended in single project mode. Requested project ID demo-pharmacy-project, but the emulator is configured for demo-no-project. To opt-out of single project mode add/set the '"singleProjectMode": false' property in the firebase.json emulators config.
Aug 19, 2026 9:27:37 PM com.google.cloud.datastore.emulator.impl.util.WrappedStreamObserver onError
WARNING: Operation failed: 
evaluation error at L404:24 for 'update' @ L404, Property email is undefined on object. for 'update' @ L404
com.google.cloud.datastore.core.exception.DatastoreException: 
evaluation error at L404:24 for 'update' @ L404, Property email is undefined on object. for 'update' @ L404
	at com.google.cloud.datastore.core.exception.DatastoreException$Builder.build(DatastoreException.java:152)
	at com.google.cloud.datastore.emulator.impl.rules.DefaultEmulatorRulesAuthorizer.verboseError(DefaultEmulatorRulesAuthorizer.java:349)
	at com.google.cloud.datastore.emulator.impl.rules.DefaultEmulatorRulesAuthorizer.withVerboseErrors(DefaultEmulatorRulesAuthorizer.java:326)
	at com.google.cloud.datastore.emulator.impl.rules.DefaultEmulatorRulesAuthorizer.checkCommit(DefaultEmulatorRulesAuthorizer.java:114)
	at com.google.cloud.datastore.emulator.impl.firestore.FirestoreEmulatorHelper.commitHelper(FirestoreEmulatorHelper.java:386)
	at com.google.cloud.datastore.emulator.impl.firestore.FirestoreEmulatorHelper.internalCommit(FirestoreEmulatorHelper.java:336)
	at com.google.cloud.datastore.emulator.impl.firestore.CloudFirestoreV1.internalCommit(CloudFirestoreV1.java:1245)
	at com.google.cloud.datastore.emulator.impl.firestore.CloudFirestoreV1.write(CloudFirestoreV1.java:1232)
	at com.google.cloud.datastore.emulator.impl.firestore.CloudFirestoreV1WriteStream.handleRequest(CloudFirestoreV1WriteStream.java:222)
	at com.google.cloud.datastore.emulator.impl.firestore.CloudFirestoreV1WriteStream.write(CloudFirestoreV1WriteStream.java:144)
	at com.google.cloud.datastore.emulator.impl.firestore.CloudFirestoreV1WriteStream.onNext(CloudFirestoreV1WriteStream.java:99)
	at com.google.cloud.datastore.emulator.impl.firestore.CloudFirestoreV1WriteStream.onNext(CloudFirestoreV1WriteStream.java:27)
	at io.grpc.stub.ServerCalls$StreamingServerCallHandler$StreamingServerCallListener.onMessage(ServerCalls.java:262)
	at io.grpc.ForwardingServerCallListener.onMessage(ForwardingServerCallListener.java:33)
	at io.grpc.Contexts$ContextualizedServerCallListener.onMessage(Contexts.java:76)
	at io.grpc.ForwardingServerCallListener.onMessage(ForwardingServerCallListener.java:33)
	at io.grpc.Contexts$ContextualizedServerCallListener.onMessage(Contexts.java:76)
	at io.grpc.internal.ServerCallImpl$ServerStreamListenerImpl.messagesAvailableInternal(ServerCallImpl.java:334)
	at io.grpc.internal.ServerCallImpl$ServerStreamListenerImpl.messagesAvailable(ServerCallImpl.java:319)
	at io.grpc.internal.ServerImpl$JumpToApplicationThreadServerStreamListener$1MessagesAvailable.runInContext(ServerImpl.java:834)
	at io.grpc.internal.ContextRunnable.run(ContextRunnable.java:37)
	at io.grpc.internal.SerializingExecutor.run(SerializingExecutor.java:133)
	at java.base/java.util.concurrent.ThreadPoolExecutor.runWorker(ThreadPoolExecutor.java:1144)
	at java.base/java.util.concurrent.ThreadPoolExecutor$Worker.run(ThreadPoolExecutor.java:642)
	at java.base/java.lang.Thread.run(Thread.java:1583)
Caused by: com.google.firebase.rules.runtime.common.EvaluationException: Error:  line [33], column [11]. Property email is undefined on object.
	at com.google.firebase.rules.runtime.impl.DefaultEvaluator$TransformEvaluationException.apply(DefaultEvaluator.java:275)
	at com.google.firebase.rules.runtime.impl.DefaultEvaluator$TransformEvaluationException.apply(DefaultEvaluator.java:261)
	at com.google.common.util.concurrent.AbstractCatchingFuture$AsyncCatchingFuture.doFallback(AbstractCatchingFuture.java:207)
	at com.google.common.util.concurrent.AbstractCatchingFuture$AsyncCatchingFuture.doFallback(AbstractCatchingFuture.java:194)
	at com.google.common.util.concurrent.AbstractCatchingFuture.run(AbstractCatchingFuture.java:136)
	at com.google.common.util.concurrent.DirectExecutor.execute(DirectExecutor.java:30)
	at com.google.common.util.concurrent.AbstractFuture.executeListener(AbstractFuture.java:1024)
	at com.google.common.util.concurrent.AbstractFuture.addListener(AbstractFuture.java:486)
	at com.google.common.util.concurrent.FluentFuture$TrustedFuture.addListener(FluentFuture.java:122)
	at com.google.common.util.concurrent.AbstractCatchingFuture.createAsync(AbstractCatchingFuture.java:58)
	at com.google.common.util.concurrent.Futures.catchingAsync(Futures.java:409)
	at com.google.firebase.rules.runtime.impl.DefaultEvaluator.evaluate(DefaultEvaluator.java:177)
	at com.google.cloud.datastore.emulator.impl.rules.EmulatorRuleClient$EmulatorRuleEvaluator.evaluate(EmulatorRuleClient.java:88)
	at com.google.cloud.datastore.core.auth.rules.AsyncTwoPhaseRulesAuthorizer.lambda$fullEvaluate$0(AsyncTwoPhaseRulesAuthorizer.java:1001)
	at com.google.cloud.datastore.computation.Computation.tryCatch(Computation.java:469)
	at com.google.cloud.datastore.core.auth.rules.AsyncTwoPhaseRulesAuthorizer.fullEvaluate(AsyncTwoPhaseRulesAuthorizer.java:1000)
	at com.google.cloud.datastore.core.auth.rules.AsyncTwoPhaseRulesAuthorizer$CommitAuthorizerImpl.lambda$checkWrite$0(AsyncTwoPhaseRulesAuthorizer.java:1237)
	at com.google.cloud.datastore.computation.Computation.lambda$tryClose$1(Computation.java:738)
	at com.google.cloud.datastore.computation.Computation.tryCatch(Computation.java:469)
	at com.google.cloud.datastore.computation.Computation.tryFinally(Computation.java:705)
	at com.google.cloud.datastore.computation.Computation.tryFinally(Computation.java:711)
	at com.google.cloud.datastore.computation.Computation.tryClose(Computation.java:738)
	at com.google.cloud.datastore.core.auth.rules.AsyncTwoPhaseRulesAuthorizer$CommitAuthorizerImpl.checkWrite(AsyncTwoPhaseRulesAuthorizer.java:1206)
	at com.google.cloud.datastore.emulator.impl.rules.DefaultEmulatorRulesAuthorizer.lambda$checkCommit$2(DefaultEmulatorRulesAuthorizer.java:125)
	at com.google.cloud.datastore.computation.Computation.run(Computation.java:81)
	at com.google.cloud.datastore.computation.Computation$Terminated.toFuture(Computation.java:947)
	at com.google.cloud.datastore.computation.Computation.toFuture(Computation.java:92)
	at com.google.cloud.datastore.emulator.impl.rules.DefaultEmulatorRulesAuthorizer.finish(DefaultEmulatorRulesAuthorizer.java:308)
	at com.google.cloud.datastore.emulator.impl.rules.DefaultEmulatorRulesAuthorizer.lambda$checkCommit$0(DefaultEmulatorRulesAuthorizer.java:123)
	at com.google.cloud.datastore.emulator.impl.rules.DefaultEmulatorRulesAuthorizer.withVerboseErrors(DefaultEmulatorRulesAuthorizer.java:321)
	... 22 more

Multiple projectIds are not recommended in single project mode. Requested project ID demo-pharmacy-project, but the emulator is configured for demo-no-project. To opt-out of single project mode add/set the '"singleProjectMode": false' property in the firebase.json emulators config.
Multiple projectIds are not recommended in single project mode. Requested project ID demo-pharmacy-project, but the emulator is configured for demo-no-project. To opt-out of single project mode add/set the '"singleProjectMode": false' property in the firebase.json emulators config.
Multiple projectIds are not recommended in single project mode. Requested project ID demo-pharmacy-project, but the emulator is configured for demo-no-project. To opt-out of single project mode add/set the '"singleProjectMode": false' property in the firebase.json emulators config.
Multiple projectIds are not recommended in single project mode. Requested project ID demo-pharmacy-project, but the emulator is configured for demo-no-project. To opt-out of single project mode add/set the '"singleProjectMode": false' property in the firebase.json emulators config.
Multiple projectIds are not recommended in single project mode. Requested project ID demo-pharmacy-project, but the emulator is configured for demo-no-project. To opt-out of single project mode add/set the '"singleProjectMode": false' property in the firebase.json emulators config.
Multiple projectIds are not recommended in single project mode. Requested project ID demo-pharmacy-project, but the emulator is configured for demo-no-project. To opt-out of single project mode add/set the '"singleProjectMode": false' property in the firebase.json emulators config.
Aug 19, 2026 9:27:37 PM com.google.cloud.datastore.emulator.impl.util.WrappedStreamObserver onError
WARNING: Operation failed: 
Property email is undefined on object. for 'update' @ L429, Property email is undefined on object. for 'update' @ L429
com.google.cloud.datastore.core.exception.DatastoreException: 
Property email is undefined on object. for 'update' @ L429, Property email is undefined on object. for 'update' @ L429
	at com.google.cloud.datastore.core.exception.DatastoreException$Builder.build(DatastoreException.java:152)
	at com.google.cloud.datastore.emulator.impl.rules.DefaultEmulatorRulesAuthorizer.verboseError(DefaultEmulatorRulesAuthorizer.java:349)
	at com.google.cloud.datastore.emulator.impl.rules.DefaultEmulatorRulesAuthorizer.withVerboseErrors(DefaultEmulatorRulesAuthorizer.java:326)
	at com.google.cloud.datastore.emulator.impl.rules.DefaultEmulatorRulesAuthorizer.checkCommit(DefaultEmulatorRulesAuthorizer.java:114)
	at com.google.cloud.datastore.emulator.impl.firestore.FirestoreEmulatorHelper.commitHelper(FirestoreEmulatorHelper.java:386)
	at com.google.cloud.datastore.emulator.impl.firestore.FirestoreEmulatorHelper.internalCommit(FirestoreEmulatorHelper.java:336)
	at com.google.cloud.datastore.emulator.impl.firestore.CloudFirestoreV1.internalCommit(CloudFirestoreV1.java:1245)
	at com.google.cloud.datastore.emulator.impl.firestore.CloudFirestoreV1.write(CloudFirestoreV1.java:1232)
	at com.google.cloud.datastore.emulator.impl.firestore.CloudFirestoreV1WriteStream.handleRequest(CloudFirestoreV1WriteStream.java:222)
	at com.google.cloud.datastore.emulator.impl.firestore.CloudFirestoreV1WriteStream.write(CloudFirestoreV1WriteStream.java:144)
	at com.google.cloud.datastore.emulator.impl.firestore.CloudFirestoreV1WriteStream.onNext(CloudFirestoreV1WriteStream.java:99)
	at com.google.cloud.datastore.emulator.impl.firestore.CloudFirestoreV1WriteStream.onNext(CloudFirestoreV1WriteStream.java:27)
	at io.grpc.stub.ServerCalls$StreamingServerCallHandler$StreamingServerCallListener.onMessage(ServerCalls.java:262)
	at io.grpc.ForwardingServerCallListener.onMessage(ForwardingServerCallListener.java:33)
	at io.grpc.Contexts$ContextualizedServerCallListener.onMessage(Contexts.java:76)
	at io.grpc.ForwardingServerCallListener.onMessage(ForwardingServerCallListener.java:33)
	at io.grpc.Contexts$ContextualizedServerCallListener.onMessage(Contexts.java:76)
	at io.grpc.internal.ServerCallImpl$ServerStreamListenerImpl.messagesAvailableInternal(ServerCallImpl.java:334)
	at io.grpc.internal.ServerCallImpl$ServerStreamListenerImpl.messagesAvailable(ServerCallImpl.java:319)
	at io.grpc.internal.ServerImpl$JumpToApplicationThreadServerStreamListener$1MessagesAvailable.runInContext(ServerImpl.java:834)
	at io.grpc.internal.ContextRunnable.run(ContextRunnable.java:37)
	at io.grpc.internal.SerializingExecutor.run(SerializingExecutor.java:133)
	at java.base/java.util.concurrent.ThreadPoolExecutor.runWorker(ThreadPoolExecutor.java:1144)
	at java.base/java.util.concurrent.ThreadPoolExecutor$Worker.run(ThreadPoolExecutor.java:642)
	at java.base/java.lang.Thread.run(Thread.java:1583)
Caused by: com.google.firebase.rules.runtime.common.EvaluationException: Error:  line [33], column [11]. Property email is undefined on object.
	at com.google.firebase.rules.runtime.impl.DefaultEvaluator$TransformEvaluationException.apply(DefaultEvaluator.java:275)
	at com.google.firebase.rules.runtime.impl.DefaultEvaluator$TransformEvaluationException.apply(DefaultEvaluator.java:261)
	at com.google.common.util.concurrent.AbstractCatchingFuture$AsyncCatchingFuture.doFallback(AbstractCatchingFuture.java:207)
	at com.google.common.util.concurrent.AbstractCatchingFuture$AsyncCatchingFuture.doFallback(AbstractCatchingFuture.java:194)
	at com.google.common.util.concurrent.AbstractCatchingFuture.run(AbstractCatchingFuture.java:136)
	at com.google.common.util.concurrent.DirectExecutor.execute(DirectExecutor.java:30)
	at com.google.common.util.concurrent.AbstractFuture.executeListener(AbstractFuture.java:1024)
	at com.google.common.util.concurrent.AbstractFuture.addListener(AbstractFuture.java:486)
	at com.google.common.util.concurrent.FluentFuture$TrustedFuture.addListener(FluentFuture.java:122)
	at com.google.common.util.concurrent.AbstractCatchingFuture.createAsync(AbstractCatchingFuture.java:58)
	at com.google.common.util.concurrent.Futures.catchingAsync(Futures.java:409)
	at com.google.firebase.rules.runtime.impl.DefaultEvaluator.evaluate(DefaultEvaluator.java:177)
	at com.google.cloud.datastore.emulator.impl.rules.EmulatorRuleClient$EmulatorRuleEvaluator.evaluate(EmulatorRuleClient.java:88)
	at com.google.cloud.datastore.core.auth.rules.AsyncTwoPhaseRulesAuthorizer.lambda$fullEvaluate$0(AsyncTwoPhaseRulesAuthorizer.java:1001)
	at com.google.cloud.datastore.computation.Computation.tryCatch(Computation.java:469)
	at com.google.cloud.datastore.core.auth.rules.AsyncTwoPhaseRulesAuthorizer.fullEvaluate(AsyncTwoPhaseRulesAuthorizer.java:1000)
	at com.google.cloud.datastore.core.auth.rules.AsyncTwoPhaseRulesAuthorizer$CommitAuthorizerImpl.lambda$checkWrite$0(AsyncTwoPhaseRulesAuthorizer.java:1237)
	at com.google.cloud.datastore.computation.Computation.lambda$tryClose$1(Computation.java:738)
	at com.google.cloud.datastore.computation.Computation.tryCatch(Computation.java:469)
	at com.google.cloud.datastore.computation.Computation.tryFinally(Computation.java:705)
	at com.google.cloud.datastore.computation.Computation.tryFinally(Computation.java:711)
	at com.google.cloud.datastore.computation.Computation.tryClose(Computation.java:738)
	at com.google.cloud.datastore.core.auth.rules.AsyncTwoPhaseRulesAuthorizer$CommitAuthorizerImpl.checkWrite(AsyncTwoPhaseRulesAuthorizer.java:1206)
	at com.google.cloud.datastore.emulator.impl.rules.DefaultEmulatorRulesAuthorizer.lambda$checkCommit$2(DefaultEmulatorRulesAuthorizer.java:125)
	at com.google.cloud.datastore.computation.Computation.run(Computation.java:81)
	at com.google.cloud.datastore.computation.Computation$Terminated.toFuture(Computation.java:947)
	at com.google.cloud.datastore.computation.Computation.toFuture(Computation.java:92)
	at com.google.cloud.datastore.emulator.impl.rules.DefaultEmulatorRulesAuthorizer.finish(DefaultEmulatorRulesAuthorizer.java:308)
	at com.google.cloud.datastore.emulator.impl.rules.DefaultEmulatorRulesAuthorizer.lambda$checkCommit$0(DefaultEmulatorRulesAuthorizer.java:123)
	at com.google.cloud.datastore.emulator.impl.rules.DefaultEmulatorRulesAuthorizer.withVerboseErrors(DefaultEmulatorRulesAuthorizer.java:321)
	... 22 more

Multiple projectIds are not recommended in single project mode. Requested project ID demo-pharmacy-project, but the emulator is configured for demo-no-project. To opt-out of single project mode add/set the '"singleProjectMode": false' property in the firebase.json emulators config.
Multiple projectIds are not recommended in single project mode. Requested project ID demo-pharmacy-project, but the emulator is configured for demo-no-project. To opt-out of single project mode add/set the '"singleProjectMode": false' property in the firebase.json emulators config.
Multiple projectIds are not recommended in single project mode. Requested project ID demo-pharmacy-project, but the emulator is configured for demo-no-project. To opt-out of single project mode add/set the '"singleProjectMode": false' property in the firebase.json emulators config.
Multiple projectIds are not recommended in single project mode. Requested project ID demo-pharmacy-project, but the emulator is configured for demo-no-project. To opt-out of single project mode add/set the '"singleProjectMode": false' property in the firebase.json emulators config.
Multiple projectIds are not recommended in single project mode. Requested project ID demo-pharmacy-project, but the emulator is configured for demo-no-project. To opt-out of single project mode add/set the '"singleProjectMode": false' property in the firebase.json emulators config.
Multiple projectIds are not recommended in single project mode. Requested project ID demo-pharmacy-project, but the emulator is configured for demo-no-project. To opt-out of single project mode add/set the '"singleProjectMode": false' property in the firebase.json emulators config.
Multiple projectIds are not recommended in single project mode. Requested project ID demo-pharmacy-project, but the emulator is configured for demo-no-project. To opt-out of single project mode add/set the '"singleProjectMode": false' property in the firebase.json emulators config.
Multiple projectIds are not recommended in single project mode. Requested project ID demo-pharmacy-project, but the emulator is configured for demo-no-project. To opt-out of single project mode add/set the '"singleProjectMode": false' property in the firebase.json emulators config.
Multiple projectIds are not recommended in single project mode. Requested project ID demo-pharmacy-project, but the emulator is configured for demo-no-project. To opt-out of single project mode add/set the '"singleProjectMode": false' property in the firebase.json emulators config.
Multiple projectIds are not recommended in single project mode. Requested project ID demo-pharmacy-project, but the emulator is configured for demo-no-project. To opt-out of single project mode add/set the '"singleProjectMode": false' property in the firebase.json emulators config.
Multiple projectIds are not recommended in single project mode. Requested project ID demo-pharmacy-project, but the emulator is configured for demo-no-project. To opt-out of single project mode add/set the '"singleProjectMode": false' property in the firebase.json emulators config.
Multiple projectIds are not recommended in single project mode. Requested project ID demo-pharmacy-project, but the emulator is configured for demo-no-project. To opt-out of single project mode add/set the '"singleProjectMode": false' property in the firebase.json emulators config.
Multiple projectIds are not recommended in single project mode. Requested project ID demo-pharmacy-project, but the emulator is configured for demo-no-project. To opt-out of single project mode add/set the '"singleProjectMode": false' property in the firebase.json emulators config.
Multiple projectIds are not recommended in single project mode. Requested project ID demo-pharmacy-project, but the emulator is configured for demo-no-project. To opt-out of single project mode add/set the '"singleProjectMode": false' property in the firebase.json emulators config.
Aug 19, 2026 9:27:37 PM com.google.cloud.datastore.emulator.impl.util.WrappedStreamObserver onError
WARNING: Operation failed: No matching allow statements
com.google.cloud.datastore.core.exception.DatastoreException: No matching allow statements
	at com.google.cloud.datastore.core.exception.DatastoreException$Builder.build(DatastoreException.java:152)
	at com.google.cloud.datastore.emulator.impl.rules.DefaultEmulatorRulesAuthorizer.verboseError(DefaultEmulatorRulesAuthorizer.java:349)
	at com.google.cloud.datastore.emulator.impl.rules.DefaultEmulatorRulesAuthorizer.withVerboseErrors(DefaultEmulatorRulesAuthorizer.java:326)
	at com.google.cloud.datastore.emulator.impl.rules.DefaultEmulatorRulesAuthorizer.checkCommit(DefaultEmulatorRulesAuthorizer.java:114)
	at com.google.cloud.datastore.emulator.impl.firestore.FirestoreEmulatorHelper.commitHelper(FirestoreEmulatorHelper.java:386)
	at com.google.cloud.datastore.emulator.impl.firestore.FirestoreEmulatorHelper.internalCommit(FirestoreEmulatorHelper.java:336)
	at com.google.cloud.datastore.emulator.impl.firestore.CloudFirestoreV1.internalCommit(CloudFirestoreV1.java:1245)
	at com.google.cloud.datastore.emulator.impl.firestore.CloudFirestoreV1.write(CloudFirestoreV1.java:1232)
	at com.google.cloud.datastore.emulator.impl.firestore.CloudFirestoreV1WriteStream.handleRequest(CloudFirestoreV1WriteStream.java:222)
	at com.google.cloud.datastore.emulator.impl.firestore.CloudFirestoreV1WriteStream.write(CloudFirestoreV1WriteStream.java:144)
	at com.google.cloud.datastore.emulator.impl.firestore.CloudFirestoreV1WriteStream.onNext(CloudFirestoreV1WriteStream.java:99)
	at com.google.cloud.datastore.emulator.impl.firestore.CloudFirestoreV1WriteStream.onNext(CloudFirestoreV1WriteStream.java:27)
	at io.grpc.stub.ServerCalls$StreamingServerCallHandler$StreamingServerCallListener.onMessage(ServerCalls.java:262)
	at io.grpc.ForwardingServerCallListener.onMessage(ForwardingServerCallListener.java:33)
	at io.grpc.Contexts$ContextualizedServerCallListener.onMessage(Contexts.java:76)
	at io.grpc.ForwardingServerCallListener.onMessage(ForwardingServerCallListener.java:33)
	at io.grpc.Contexts$ContextualizedServerCallListener.onMessage(Contexts.java:76)
	at io.grpc.internal.ServerCallImpl$ServerStreamListenerImpl.messagesAvailableInternal(ServerCallImpl.java:334)
	at io.grpc.internal.ServerCallImpl$ServerStreamListenerImpl.messagesAvailable(ServerCallImpl.java:319)
	at io.grpc.internal.ServerImpl$JumpToApplicationThreadServerStreamListener$1MessagesAvailable.runInContext(ServerImpl.java:834)
	at io.grpc.internal.ContextRunnable.run(ContextRunnable.java:37)
	at io.grpc.internal.SerializingExecutor.run(SerializingExecutor.java:133)
	at java.base/java.util.concurrent.ThreadPoolExecutor.runWorker(ThreadPoolExecutor.java:1144)
	at java.base/java.util.concurrent.ThreadPoolExecutor$Worker.run(ThreadPoolExecutor.java:642)
	at java.base/java.lang.Thread.run(Thread.java:1583)

Multiple projectIds are not recommended in single project mode. Requested project ID demo-pharmacy-project, but the emulator is configured for demo-no-project. To opt-out of single project mode add/set the '"singleProjectMode": false' property in the firebase.json emulators config.
Multiple projectIds are not recommended in single project mode. Requested project ID demo-pharmacy-project, but the emulator is configured for demo-no-project. To opt-out of single project mode add/set the '"singleProjectMode": false' property in the firebase.json emulators config.
Multiple projectIds are not recommended in single project mode. Requested project ID demo-pharmacy-project, but the emulator is configured for demo-no-project. To opt-out of single project mode add/set the '"singleProjectMode": false' property in the firebase.json emulators config.
Multiple projectIds are not recommended in single project mode. Requested project ID demo-pharmacy-project, but the emulator is configured for demo-no-project. To opt-out of single project mode add/set the '"singleProjectMode": false' property in the firebase.json emulators config.
Multiple projectIds are not recommended in single project mode. Requested project ID demo-pharmacy-project, but the emulator is configured for demo-no-project. To opt-out of single project mode add/set the '"singleProjectMode": false' property in the firebase.json emulators config.
Multiple projectIds are not recommended in single project mode. Requested project ID demo-pharmacy-project, but the emulator is configured for demo-no-project. To opt-out of single project mode add/set the '"singleProjectMode": false' property in the firebase.json emulators config.
Multiple projectIds are not recommended in single project mode. Requested project ID demo-pharmacy-project, but the emulator is configured for demo-no-project. To opt-out of single project mode add/set the '"singleProjectMode": false' property in the firebase.json emulators config.
Multiple projectIds are not recommended in single project mode. Requested project ID demo-pharmacy-project, but the emulator is configured for demo-no-project. To opt-out of single project mode add/set the '"singleProjectMode": false' property in the firebase.json emulators config.
Multiple projectIds are not recommended in single project mode. Requested project ID demo-pharmacy-project, but the emulator is configured for demo-no-project. To opt-out of single project mode add/set the '"singleProjectMode": false' property in the firebase.json emulators config.
Multiple projectIds are not recommended in single project mode. Requested project ID demo-pharmacy-project, but the emulator is configured for demo-no-project. To opt-out of single project mode add/set the '"singleProjectMode": false' property in the firebase.json emulators config.
Multiple projectIds are not recommended in single project mode. Requested project ID demo-pharmacy-project, but the emulator is configured for demo-no-project. To opt-out of single project mode add/set the '"singleProjectMode": false' property in the firebase.json emulators config.
Multiple projectIds are not recommended in single project mode. Requested project ID demo-pharmacy-project, but the emulator is configured for demo-no-project. To opt-out of single project mode add/set the '"singleProjectMode": false' property in the firebase.json emulators config.
*** shutting down gRPC server since JVM is shutting down
*** server shut down
